,Happiness Rank,Happiness Rank,Happiness Rank,Happiness Rank,Happiness Rank,Happiness Score,Happiness Score,Happiness Score,Happiness Score,Happiness Score,Economy (GDP per Capita),Economy (GDP per Capita),Economy (GDP per Capita),Economy (GDP per Capita),Economy (GDP per Capita),Family,Family,Family,Family,Family,Health (Life Expectancy),Health (Life Expectancy),Health (Life Expectancy),Health (Life Expectancy),Health (Life Expectancy),Freedom,Freedom,Freedom,Freedom,Freedom,Trust (Government Corruption),Trust (Government Corruption),Trust (Government Corruption),Trust (Government Corruption),Trust (Government Corruption),Generosity,Generosity,Generosity,Generosity,Generosity,year,year,year,year,year
Country,mean,median,amin,amax,std,mean,median,amin,amax,std,mean,median,amin,amax,std,mean,median,amin,amax,std,mean,median,amin,amax,std,mean,median,amin,amax,std,mean,median,amin,amax,std,mean,median,amin,amax,std,mean,median,amin,amax,std
Denmark,2.2,2,1,3,0.836660027,7.55,7.53,7.52,7.6,0.03,1.396728603,1.383,1.32548,1.482383013,0.064657268,1.447688319,1.551121593,1.16374,1.59,0.18362229,0.865249105,0.868,0.792565525,0.996,0.082770427,0.625959344,0.626006722,0.57941,0.683,0.042196695,0.429374014,0.41,0.400770068,0.48357,0.03470337,0.318876098,0.34139,0.252,0.36171,0.048362313,2017,2017,2015,2019,1.58113883
Iceland,3.2,3,2,4,0.836660027,7.51,7.5,7.49,7.56,0.03,1.386522604,1.38,1.30232,1.48063302,0.06981157,1.492812801,1.610574007,1.18326,1.644,0.198723132,0.917744424,0.914,0.833552122,1.026,0.074613993,0.618034527,0.627162635,0.56624,0.677,0.042098214,0.140145312,0.14145,0.118,0.153526559,0.013856652,0.419124044,0.4363,0.353,0.47678,0.062079663,2017,2017,2015,2019,1.58113883
Norway,2.8,3,1,4,1.303840481,7.54,7.54,7.5,7.59,0.04,1.519380637,1.488,1.456,1.616463184,0.073218136,1.431074712,1.53352356,1.1269,1.582,0.199122993,0.873333301,0.861,0.79579,1.028,0.09500752,0.638048517,0.635422587,0.59609,0.686,0.039682718,0.343950767,0.341,0.315963835,0.36503,0.018990873,0.328990447,0.34699,0.271,0.37895,0.047753141,2017,2017,2015,2019,1.58113883
Finland,3.6,5,1,6,2.408318916,7.54,7.47,7.41,7.77,0.16,1.356960385,1.34,1.29025,1.443571925,0.065845071,1.434429345,1.540246725,1.13464,1.592,0.201663459,0.873835534,0.874,0.80915767,0.986,0.072382755,0.621536171,0.617950857,0.57104,0.681,0.042299343,0.398474309,0.393,0.382611543,0.41372,0.01301691,0.217782555,0.23351,0.153,0.25492,0.041351278,2017,2017,2015,2019,1.58113883
Switzerland,3.6,4,1,6,2.073644135,7.51,7.49,7.48,7.59,0.04,1.472163911,1.452,1.39651,1.564979553,0.071605188,1.417332349,1.516911745,1.14524,1.549,0.171533672,0.928318258,0.927,0.858131289,1.052,0.078516871,0.620642115,0.620070577,0.572,0.66557,0.042320188,0.379763457,0.367007285,0.343,0.41978,0.034186621,0.277431856,0.28083,0.256,0.29678,0.017504055,2017,2017,2015,2019,1.58113883
Netherlands,6.2,6,5,7,0.836660027,7.4,7.38,7.34,7.49,0.06,1.411012927,1.396,1.32944,1.503944635,0.072279458,1.349645845,1.428939223,1.02912,1.522,0.201679806,0.878569225,0.878,0.810696125,0.999,0.07698148,0.589650898,0.585384488,0.55211,0.638,0.037124531,0.298614365,0.298,0.282661825,0.31814,0.012743674,0.415149966,0.47048983,0.322,0.4761,0.080132896,2017,2017,2015,2019,1.58113883
Canada,6.8,7,5,9,1.483239697,7.35,7.33,7.28,7.43,0.06,1.388128883,1.365,1.32629,1.479204416,0.068445068,1.387411798,1.481348991,1.0961,1.532,0.182084298,0.90055753,0.896,0.8276,1.039,0.084987651,0.610954182,0.611100912,0.5737,0.653,0.033041529,0.305846303,0.308,0.287371516,0.32957,0.017208946,0.389597944,0.435539722,0.285,0.45811,0.080469848,2017,2017,2015,2019,1.58113883
New Zealand,8.2,8,8,9,0.447213595,7.31,7.31,7.29,7.33,0.02,1.31750921,1.303,1.25018,1.405706048,0.064875986,1.439729025,1.548195124,1.17278,1.601,0.185203709,0.891617941,0.876,0.816759706,1.026,0.083465907,0.617782426,0.61406213,0.58147,0.669,0.037070256,0.40001534,0.389,0.38,0.42922,0.022542152,0.432805025,0.47501,0.33,0.500005126,0.079387589,2017,2017,2015,2019,1.58113883
Sweden,8.6,9,7,10,1.140175425,7.32,7.31,7.28,7.36,0.03,1.403981454,1.387,1.33171,1.494387269,0.067770748,1.368574434,1.478162169,1.08764,1.501,0.17945454,0.898991032,0.91087,0.830875158,1.009,0.073609399,0.61758082,0.612924099,0.574,0.6598,0.040841764,0.397501746,0.384398729,0.373,0.43844,0.026377053,0.33651185,0.36262,0.267,0.385399252,0.056292922,2017,2017,2015,2019,1.58113883
Australia,10,10,9,11,0.707106781,7.28,7.28,7.23,7.31,0.03,1.394884987,1.372,1.33358,1.484414935,0.066642152,1.40900639,1.510041952,1.10476,1.573,0.199337971,0.914529359,0.91,0.843886793,1.036,0.077567155,0.605043476,0.601607382,0.557,0.65124,0.04347239,0.314572746,0.302,0.29,0.35637,0.026289302,0.41607785,0.43562,0.332,0.47769925,0.066416934,2017,2017,2015,2019,1.58113883
Austria,12,12,10,13,1.224744871,7.14,7.14,7.01,7.25,0.09,1.398341453,1.376,1.33723,1.487097263,0.067281864,1.363962993,1.459944963,1.08383,1.504,0.17614291,0.883679684,0.89042,0.80565,1.016,0.084214328,0.576929238,0.56776619,0.532,0.62433,0.042039474,0.214260073,0.221060365,0.18676,0.226,0.016091912,0.292400464,0.316472322,0.242,0.33088,0.045433934,2017,2017,2015,2019,1.58113883
Costa Rica,12.6,12,12,14,0.894427191,7.13,7.09,7.07,7.23,0.07,1.035655257,1.034,0.95578,1.109706283,0.058357635,1.31516073,1.416403651,1.02152,1.459,0.186395129,0.832247853,0.817,0.759509265,0.963,0.084284761,0.59122833,0.58013165,0.55225,0.63376,0.039426642,0.101081318,0.101,0.093,0.10583,0.005197954,0.196422646,0.214613229,0.143,0.25497,0.050517425,2017,2017,2015,2019,1.58113883
Puerto Rico,15,15,15,15,,7.04,7.04,7.04,7.04,,1.35943,1.35943,1.35943,1.35943,,1.08113,1.08113,1.08113,1.08113,,0.77758,0.77758,0.77758,0.77758,,0.46823,0.46823,0.46823,0.46823,,0.12275,0.12275,0.12275,0.12275,,0.22202,0.22202,0.22202,0.22202,,2016,2016,2016,2016,
Belgium,17.6,18,16,19,1.140175425,6.92,6.93,6.89,6.94,0.02,1.375398152,1.356,1.30782,1.463780761,0.066887098,1.35749254,1.462312698,1.05249,1.504,0.191304918,0.882870374,0.894,0.818091869,0.986,0.069192988,0.538762144,0.539770722,0.473,0.5845,0.047462545,0.237844626,0.24,0.21,0.26248,0.020760231,0.208880668,0.2225,0.16,0.2424,0.034081296,2017,2017,2015,2019,1.58113883
Ireland,16.4,16,14,19,2.073644135,6.96,6.98,6.91,7.02,0.04,1.460415328,1.48341,1.33596,1.535706639,0.076370123,1.445056223,1.553,1.16157,1.583,0.179975766,0.878932525,0.876,0.809782624,0.999,0.076844801,0.572192068,0.573110342,0.516,0.61777,0.044762785,0.299791631,0.298388153,0.28703,0.31,0.008841005,0.388299665,0.427858323,0.298,0.45901,0.07919898,2017,2017,2015,2019,1.58113883
Israel,13,11,11,19,3.464101615,7.14,7.21,6.81,7.28,0.19,1.303722485,1.301,1.22857,1.375382423,0.056370972,1.321917993,1.376289964,0.99537,1.559,0.219721556,0.9026888,0.883,0.838404,1.029,0.076589792,0.417499721,0.405988604,0.36432,0.533,0.06797371,0.12087442,0.0852421,0.07785,0.272,0.084556947,0.319936531,0.330082655,0.261,0.354,0.034943857,2017,2017,2015,2019,1.58113883
United States,15.8,15,13,19,2.588435821,7,6.99,6.89,7.12,0.11,1.455945857,1.433,1.39451,1.546259284,0.068045179,1.328570113,1.419920564,1.04782,1.471,0.180680512,0.821615326,0.819,0.774286628,0.874,0.045883194,0.506882105,0.505740523,0.454,0.547,0.040553284,0.140843758,0.135638788,0.128,0.1589,0.012659117,0.355079756,0.392578781,0.28,0.41077,0.063960981,2017,2017,2015,2019,1.58113883
Luxembourg,17.2,17,14,20,2.167948339,6.94,6.91,6.86,7.09,0.09,1.63767472,1.609,1.56391,1.741943598,0.078295436,1.343240733,1.457583666,1.03999,1.52,0.20614882,0.903489899,0.896,0.845089495,1.012,0.068651232,0.583831578,0.596627891,0.526,0.632,0.044962653,0.337420885,0.321,0.316,0.37798,0.027252646,0.245846196,0.27571,0.194,0.283180982,0.046497922,2017,2017,2015,2019,1.58113883
Oman,22,22,22,22,,6.85,6.85,6.85,6.85,,1.36011,1.36011,1.36011,1.36011,,1.08182,1.08182,1.08182,1.08182,,0.76276,0.76276,0.76276,0.76276,,0.63274,0.63274,0.63274,0.63274,,0.32524,0.32524,0.32524,0.32524,,0.21542,0.21542,0.21542,0.21542,,2015,2015,2015,2015,
United Kingdom,17.8,19,11,23,4.816637832,6.91,6.87,6.71,7.19,0.21,1.337566788,1.333,1.244,1.44163394,0.085049751,1.367932016,1.433,1.08672,1.538,0.184088944,0.881735188,0.888,0.805335939,0.996,0.078832735,0.503760007,0.50036,0.45,0.59625,0.057132698,0.244017613,0.27399,0.082,0.32067,0.093054889,0.424690832,0.492774159,0.262,0.51912,0.113810002,2017,2017,2015,2019,1.58113883
Mexico,21.4,23,14,25,4.393176527,6.73,6.6,6.49,7.19,0.28,1.079360764,1.07,1.02054,1.153183818,0.05473556,1.082994432,1.21086216,0.7146,1.323,0.258174927,0.7715698,0.761,0.709978998,0.861,0.065874042,0.436726002,0.433,0.37709,0.48181,0.044625669,0.139488823,0.132774115,0.073,0.21312,0.058753816,0.104416087,0.11735,0.069,0.14074,0.031388132,2017,2017,2015,2019,1.58113883
Germany,18,16,15,26,4.527692569,6.93,6.97,6.75,6.99,0.1,1.395342677,1.373,1.32792,1.487923384,0.06971035,1.35952607,1.454,1.09774,1.474,0.163514534,0.870736146,0.861,0.798950732,0.987,0.074720254,0.558588277,0.562511384,0.495,0.61477,0.046203925,0.265134388,0.276731938,0.21843,0.28551,0.027166032,0.291385834,0.28214,0.261,0.33626917,0.029723069,2017,2017,2015,2019,1.58113883
Chile,24.4,25,20,27,2.701851217,6.59,6.65,6.44,6.71,0.12,1.173326922,1.159,1.10715,1.25278461,0.06035512,1.202872991,1.284024954,0.90587,1.369,0.190366857,0.844975941,0.819479704,0.808,0.92,0.046136473,0.396821056,0.37789,0.357,0.44132,0.037045561,0.088497596,0.082287982,0.056,0.12869,0.032182469,0.272048484,0.31595,0.187,0.33363,0.073429946,2017,2017,2015,2019,1.58113883
United Arab Emirates,22,21,20,28,3.391164992,6.74,6.77,6.57,6.9,0.13,1.645226674,1.57352,1.42727,2.096,0.262882367,1.069860046,1.12575,0.776,1.31,0.237311106,0.752195647,0.72993,0.67,0.825,0.064133815,0.538813054,0.598,0.284,0.64157,0.145233535,0.311982391,0.340049782,0.182,0.38583,0.090201051,0.267826389,0.26428,0.186,0.360941947,0.062081119,2017,2017,2015,2019,1.58113883
Czech Republic,24.4,23,20,31,4.5607017,6.65,6.61,6.51,6.85,0.13,1.26856247,1.269,1.17898,1.352682352,0.067107007,1.324849043,1.433885217,1.00793,1.489,0.211889185,0.827406801,0.84483,0.754444003,0.92,0.068845392,0.473753235,0.46364,0.41418,0.543,0.047493764,0.034650585,0.036,0.02652,0.03986,0.005010674,0.080851352,0.088106759,0.046,0.10686,0.025336038,2017,2017,2015,2019,1.58113883
Panama,27.6,27,25,31,2.792848009,6.54,6.45,6.32,6.79,0.2,1.148267687,1.149,1.06353,1.233748436,0.065218518,1.28816251,1.373192549,0.98912,1.442,0.194173339,0.776023227,0.759,0.706156135,0.91,0.08385174,0.538879367,0.5421,0.48927,0.597,0.040302609,0.072982785,0.070983924,0.054,0.0927,0.015646613,0.186139388,0.210556939,0.109,0.24434,0.064749791,2017,2017,2015,2019,1.58113883
Brazil,23,22,16,32,6.92820323,6.66,6.64,6.3,6.98,0.31,1.033226642,1.004,0.98124,1.10735321,0.059648664,1.323311201,1.431306005,1.03938,1.474,0.184763652,0.680944471,0.675,0.61415,0.802,0.076739896,0.443038749,0.437453747,0.39,0.493,0.047688091,0.120392552,0.111092761,0.086,0.17521,0.037999566,0.134969979,0.14574,0.099,0.162349895,0.028733158,2017,2017,2015,2019,1.58113883
France,27.8,29,23,32,4.086563348,6.52,6.49,6.44,6.59,0.07,1.344116692,1.324,1.27778,1.430923462,0.066201365,1.31824737,1.387776852,1.00508,1.472,0.194761068,0.91624117,0.908,0.83795,1.045,0.08485442,0.488390423,0.470222116,0.436,0.55011,0.045830687,0.183208486,0.17808,0.172502428,0.20646,0.013542153,0.116736461,0.1216,0.098,0.129762307,0.01245624,2017,2017,2015,2019,1.58113883
Taiwan Province of China,33,33,33,33,,6.42,6.42,6.42,6.42,,1.433626533,1.433626533,1.433626533,1.433626533,,1.384565353,1.384565353,1.384565353,1.384565353,,0.793984234,0.793984234,0.793984234,0.793984234,,0.361466587,0.361466587,0.361466587,0.361466587,,0.063829236,0.063829236,0.063829236,0.063829236,,0.258360475,0.258360475,0.258360475,0.258360475,,2017,2017,2017,2017,
Uruguay,30.6,31,28,33,2.073644135,6.43,6.45,6.29,6.55,0.1,1.135557939,1.124,1.06166,1.217559695,0.063731992,1.315311574,1.412227869,1.03143,1.465,0.189972319,0.782929365,0.771,0.719216824,0.891,0.071477265,0.574978451,0.579392254,0.523,0.625,0.041865405,0.188516375,0.178061873,0.15,0.24558,0.040677921,0.169011386,0.175096929,0.127,0.2324,0.043230098,2017,2017,2015,2019,1.58113883
Singapore,28,26,22,34,5.656854249,6.54,6.57,6.26,6.8,0.24,1.592137534,1.572,1.52186,1.69227767,0.074518016,1.231078873,1.353814363,0.86758,1.463,0.271063845,1.014186479,1.008,0.94719,1.141,0.078924324,0.553412114,0.549840569,0.4877,0.631,0.051176296,0.467255557,0.464307785,0.453,0.4921,0.015339234,0.303215196,0.31105,0.261,0.345965981,0.036323306,2017,2017,2015,2019,1.58113883
Qatar,32,32,28,36,3.535533906,6.42,6.38,6.37,6.61,0.11,1.743691137,1.69042,1.649,1.870765686,0.097478397,1.169707376,1.27429688,0.87964,1.313,0.18820089,0.768731618,0.748,0.710098088,0.871,0.066702318,0.604064197,0.604130983,0.555,0.654,0.043619206,0.355973851,0.439299256,0.167,0.52208,0.173179884,0.291216774,0.32388,0.22,0.33047387,0.050277278,2017,2017,2015,2019,1.58113883
Malta,27.6,27,22,37,6.268971207,6.53,6.53,6.3,6.73,0.16,1.285699968,1.3,1.2074,1.343279839,0.050957341,1.386846333,1.488411665,1.09879,1.525,0.185271499,0.879060847,0.884,0.80315,0.999,0.076650128,0.59027141,0.588767052,0.54994,0.645,0.037058325,0.151493214,0.151,0.13586,0.17554,0.015128479,0.481124115,0.51752,0.375,0.574730575,0.09874352,2017,2017,2015,2019,1.58113883
Saudi Arabia,33.4,34,28,37,3.361547263,6.38,6.38,6.34,6.41,0.02,1.439512711,1.403,1.379,1.530623555,0.066601296,1.18137952,1.286677599,0.84829,1.357,0.214919499,0.666213666,0.633,0.59014833,0.795,0.089167818,0.417454114,0.439,0.31048,0.509,0.075510001,0.231550451,0.273432255,0.127,0.32524,0.094959472,0.123449203,0.13706,0.08,0.15457,0.032685194,2017,2017,2015,2019,1.58113883
Spain,34.6,36,30,37,2.792848009,6.35,6.35,6.31,6.4,0.04,1.298807573,1.286,1.23011,1.384397864,0.064043546,1.39946618,1.484,1.12945,1.538,0.17619311,0.95010812,0.95562,0.87896,1.062,0.073438777,0.410948246,0.40878123,0.362,0.45951,0.043205706,0.069852819,0.070914097,0.06137,0.079,0.007218805,0.168810714,0.17665,0.142,0.190133572,0.020408724,2017,2017,2015,2019,1.58113883
Taiwan,30.75,30,25,38,6.291528696,6.39,6.41,6.3,6.45,0.07,1.3553175,1.3665,1.29098,1.39729,0.04529754,1.2171025,1.253085,0.92624,1.436,0.256712826,0.8604875,0.86615,0.79565,0.914,0.049325659,0.3725425,0.3742,0.32377,0.418,0.04292286,0.0806475,0.079645,0.0663,0.097,0.012658029,0.2254275,0.24788,0.151,0.25495,0.049961349,2017,2017,2015,2019,1.825741858
Trinidad & Tobago,38.5,38.5,38,39,0.707106781,6.19,6.19,6.19,6.19,0,1.227,1.227,1.223,1.231,0.005656854,1.4845,1.4845,1.477,1.492,0.010606602,0.6385,0.6385,0.564,0.713,0.10535891,0.532,0.532,0.489,0.575,0.060811183,0.0175,0.0175,0.016,0.019,0.00212132,0.178,0.178,0.171,0.185,0.009899495,2018.5,2018.5,2018,2019,0.707106781
Suriname,40,40,40,40,0,6.27,6.27,6.27,6.27,0,1.0461,1.0461,0.99534,1.09686,0.07178548,0.87533,0.87533,0.77866,0.972,0.136712025,0.558765,0.558765,0.50933,0.6082,0.069911647,0.559455,0.559455,0.52234,0.59657,0.052488536,0.131625,0.131625,0.12692,0.13633,0.006653875,0.16828,0.16828,0.16665,0.16991,0.002305168,2015.5,2015.5,2015,2016,0.707106781
Colombia,36,36,31,43,4.582575695,6.34,6.36,6.13,6.48,0.15,0.992910465,0.985,0.91861,1.070622325,0.059381899,1.302610587,1.402182937,1.02169,1.439,0.175259212,0.671677585,0.635,0.595027924,0.841,0.102339095,0.492099483,0.477487415,0.44735,0.53466,0.038823523,0.044971748,0.046668742,0.034,0.05399,0.008352257,0.137456895,0.149014473,0.099,0.18401,0.037457281,2017,2017,2015,2019,1.58113883
Guatemala,33.6,30,27,43,6.985699679,6.34,6.38,6.12,6.45,0.13,0.806614389,0.8,0.74553,0.872001946,0.048699389,1.141467039,1.255585194,0.87119,1.269,0.17883908,0.615775998,0.608,0.54023999,0.746,0.085466752,0.550286124,0.535,0.50379,0.604,0.039912957,0.081590656,0.078,0.071,0.09472,0.009298894,0.240091679,0.27489,0.175,0.28808,0.057806135,2017,2017,2015,2019,1.58113883
Trinidad and Tobago,40.66666667,41,38,43,2.516611478,6.17,6.17,6.17,6.17,0,1.2996353,1.32572,1.21183,1.361355901,0.078101264,1.18315284,1.18354,0.98569,1.380228519,0.197269545,0.553631097,0.52608,0.519983292,0.61483,0.053087397,0.520666914,0.518630743,0.48453,0.55884,0.037196821,0.010924939,0.0114,0.008964816,0.01241,0.001771041,0.321028821,0.31935,0.31844,0.325296462,0.003723788,2016,2016,2015,2017,1
Slovakia,41.4,40,38,45,3.361547263,6.11,6.1,6,6.2,0.08,1.246006712,1.246,1.16891,1.325393558,0.060580355,1.379745848,1.504,1.08268,1.537,0.19758914,0.772484582,0.776,0.70367,0.881,0.071356645,0.307047493,0.31751,0.23391,0.354,0.046140129,0.02319817,0.024210852,0.014,0.03431,0.009124785,0.136568896,0.136544481,0.118,0.16893,0.02023413,2017,2017,2015,2019,1.58113883
El Salvador,41.6,42,35,46,4.393176527,6.12,6.13,6,6.25,0.1,0.829604899,0.806,0.76454,0.909784496,0.060065562,1.097989018,1.182125092,0.80975,1.242,0.18296781,0.659477711,0.639,0.596,0.789,0.079956205,0.419928506,0.43,0.37269,0.461,0.033341138,0.093974192,0.08998096,0.074,0.11776,0.01783132,0.086389597,0.08877,0.065,0.10692,0.01576784,2017,2017,2015,2019,1.58113883
Argentina,31.2,29,24,47,9.148770409,6.46,6.57,6.09,6.65,0.23,1.111035093,1.092,1.05351,1.185295463,0.055361644,1.330960229,1.432,1.06612,1.468,0.171727861,0.760895417,0.744,0.695137084,0.881,0.07713108,0.481619841,0.471,0.42284,0.57,0.056039319,0.064307978,0.059739888,0.05,0.08484,0.014389766,0.092371412,0.109457061,0.062,0.11451,0.026013513,2017,2017,2015,2019,1.58113883
Bahrain,42.4,42,37,49,4.335896678,6.11,6.11,5.96,6.22,0.1,1.390482452,1.362,1.32376,1.488412261,0.070858317,1.243464092,1.323110461,0.94397,1.368,0.178399585,0.725250607,0.698,0.653133035,0.871,0.0899028,0.519083384,0.536,0.45492,0.594,0.055638852,0.210752434,0.25704217,0.11,0.306,0.088419926,0.203151697,0.17362,0.17147,0.255,0.042074966,2017,2017,2015,2019,1.58113883
Uzbekistan,45,44,41,49,3.082207001,6.05,6,5.97,6.17,0.09,0.723758218,0.73591,0.63244,0.786441088,0.056766361,1.43409983,1.529,1.1681,1.584,0.176210819,0.591724526,0.59772,0.498272628,0.756,0.104939145,0.655987733,0.65821,0.60848,0.724,0.043350577,0.267423645,0.259,0.24,0.30826,0.028196865,0.327522729,0.328,0.22837,0.415983647,0.066960787,2017,2017,2015,2019,1.58113883
Italy,46.2,48,36,50,5.848076607,6.02,5.98,5.95,6.22,0.11,1.311831324,1.294,1.25114,1.395066619,0.061393328,1.334672656,1.444923282,1.04167,1.501,0.204891529,0.92872487,0.946,0.85102,1.039,0.078853969,0.243816143,0.256450713,0.18827,0.281,0.035832156,0.028119618,0.028028091,0.02556,0.03,0.001650981,0.17257193,0.16684,0.137,0.22823,0.033942696,2017,2017,2015,2019,1.58113883
Ecuador,48.2,48,44,51,2.683281573,5.99,5.98,5.97,6.03,0.02,0.92778008,0.912,0.86402,1.000820398,0.057453052,1.157387763,1.286168814,0.85974,1.33,0.214450378,0.753303244,0.736,0.685636222,0.868,0.077375833,0.47952764,0.48574,0.4027,0.556,0.056396479,0.141680929,0.140134647,0.087,0.1809,0.040303342,0.121252493,0.11541,0.10074,0.150112465,0.018458958,2017,2017,2015,2019,1.58113883
Kuwait,43,41,39,51,5.099019514,6.15,6.11,6.02,6.3,0.11,1.55566249,1.55422,1.474,1.632952452,0.069861252,1.18464375,1.259698749,0.87758,1.319,0.181563769,0.695143142,0.675,0.632105708,0.808,0.073378253,0.505997519,0.496337593,0.43166,0.55499,0.051217228,0.18218791,0.21515955,0.097,0.25609,0.075134385,0.17184396,0.16228,0.142,0.228289798,0.032940934,2017,2017,2015,2019,1.58113883
Belize,50.33333333,50,49,52,1.527525232,5.96,5.96,5.96,5.96,0,0.863711772,0.87616,0.807,0.907975316,0.051625792,0.9563226,1.081417799,0.68655,1.101,0.233835,0.459960589,0.45569,0.450191766,0.474,0.01246541,0.550939791,0.547509372,0.51231,0.593,0.040454232,0.097763691,0.096581072,0.089,0.10771,0.009410896,0.21995188,0.23684,0.183,0.240015641,0.032040635,2017,2017,2016,2018,1
Thailand,39.4,34,32,52,9.044335244,6.29,6.42,6.01,6.47,0.23,1.050013754,1.05,0.9669,1.127868772,0.062589226,1.312320491,1.409,1.04477,1.425792456,0.163553756,0.713977806,0.707,0.647239029,0.828,0.074678975,0.565274146,0.557,0.49553,0.637,0.05092803,0.029762547,0.029,0.028,0.03187,0.001844234,0.491676622,0.57212311,0.359,0.58696,0.11897067,2017,2017,2015,2019,1.58113883
Nicaragua,46.8,45,41,57,6.260990337,6.03,6.07,5.83,6.14,0.12,0.677277841,0.69384,0.59325,0.737299204,0.053158386,1.193653142,1.28721571,0.89521,1.325,0.182668208,0.716673192,0.7,0.65213,0.835,0.07613739,0.486024369,0.46582,0.435,0.55475,0.052187289,0.148355596,0.130687982,0.127,0.19317,0.029167658,0.257110843,0.27815,0.2,0.301674217,0.049376056,2017,2017,2015,2019,1.58113883
South Korea,54,55,47,57,4.123105626,5.89,5.88,5.84,5.98,0.06,1.314553689,1.301,1.24461,1.401678443,0.065273232,1.046190888,1.128274441,0.72194,1.219,0.208846003,0.948608815,0.955,0.88645,1.036,0.05950863,0.248936333,0.25168,0.159,0.33208,0.061469595,0.065202534,0.063282669,0.051,0.07857,0.012366837,0.186096873,0.18557,0.175,0.206674367,0.012986387,2017,2017,2015,2019,1.58113883
Japan,52.4,53,46,58,4.393176527,5.93,5.92,5.89,5.99,0.04,1.337745036,1.327,1.27074,1.416915178,0.060369845,1.326999566,1.419,1.06054,1.462,0.16920986,0.979099174,0.988,0.913475871,1.088,0.071605765,0.493477109,0.49615,0.445,0.553,0.040978167,0.164842147,0.163760737,0.14,0.18985,0.020689935,0.095572554,0.10224,0.069,0.120572768,0.02110656,2017,2017,2015,2019,1.58113883
Kazakhstan,57.6,60,54,60,3.286335345,5.84,5.82,5.79,5.92,0.05,1.190505254,1.173,1.12254,1.28455627,0.066225351,1.297243803,1.384369016,0.95544,1.516,0.2486262,0.63671631,0.631,0.57386,0.729,0.058071734,0.444628857,0.437454283,0.4052,0.51649,0.044880701,0.106428577,0.11132,0.08454,0.121,0.015726973,0.152868885,0.148,0.11827,0.201964423,0.030356028,2017,2017,2015,2019,1.58113883
Lithuania,52,52,42,60,6.782329983,5.93,5.9,5.81,6.15,0.13,1.23320247,1.238,1.14723,1.314582348,0.064504665,1.367415221,1.473516107,1.06411,1.527,0.201613723,0.708193988,0.716,0.62894994,0.818,0.07534499,0.255588357,0.234231785,0.18929,0.35,0.064802177,0.017675129,0.011865643,0.006,0.042,0.014285296,0.025164931,0.026,0.010164657,0.043,0.011932121,2017,2017,2015,2019,1.58113883
Poland,49,46,40,60,9,5.98,5.97,5.79,6.18,0.17,1.209037573,1.206,1.12555,1.291787863,0.063784105,1.331608394,1.438,1.04685,1.448,0.17442084,0.76681707,0.77903,0.69058,0.884,0.078149134,0.506492422,0.520342112,0.4519,0.546,0.038393822,0.054085561,0.055,0.04212,0.064,0.008459767,0.139097193,0.14443,0.108,0.16759,0.025839648,2017,2017,2015,2019,1.58113883
Bolivia,58.2,59,51,62,4.324349662,5.81,5.82,5.75,5.89,0.05,0.767261313,0.776,0.68133,0.833756566,0.056730448,1.09516381,1.209,0.83779,1.227619052,0.177987283,0.53930605,0.508,0.4697,0.706,0.097372052,0.551896585,0.558732927,0.50961,0.606,0.04162142,0.068787545,0.064,0.054,0.088,0.013738405,0.185180145,0.20536,0.137,0.225560725,0.042785103,2017,2017,2015,2019,1.58113883
Slovenia,55,55,44,63,7.90569415,5.89,5.85,5.76,6.12,0.15,1.260531191,1.258,1.18498,1.341205955,0.06217692,1.362299764,1.452518821,1.05613,1.523,0.197596234,0.852941646,0.856,0.790828228,0.953,0.067212851,0.581953162,0.572575808,0.53164,0.633,0.039543762,0.045469796,0.045128979,0.03635,0.057,0.008726003,0.211461819,0.242649093,0.144,0.25738,0.054839086,2017,2017,2015,2019,1.58113883
Northern Cyprus,61,61,58,64,4.242640687,5.78,5.78,5.72,5.84,0.08,1.246,1.246,1.229,1.263,0.024041631,1.2315,1.2315,1.211,1.252,0.028991378,0.9755,0.9755,0.909,1.042,0.094045202,0.456,0.456,0.417,0.495,0.055154329,0.158,0.158,0.154,0.162,0.005656854,0.185,0.185,0.179,0.191,0.008485281,2018.5,2018.5,2018,2019,0.707106781
Peru,63,64,58,65,2.915475947,5.73,5.72,5.66,5.82,0.06,0.965087054,0.96,0.90019,1.035225272,0.052631092,1.105782077,1.218770385,0.81255,1.274,0.202960226,0.703655223,0.674,0.62994,0.854,0.09356896,0.444996576,0.450002879,0.37502,0.53,0.05733592,0.044171817,0.047049087,0.027,0.05989,0.013511179,0.119381943,0.126819715,0.083,0.14982,0.030518043,2017,2017,2015,2019,1.58113883
North Cyprus,63,62,61,66,2.645751311,5.76,5.77,5.7,5.81,0.06,1.28879377,1.31141,1.20806,1.346911311,0.072135581,1.024881126,1.07008,0.81826,1.186303377,0.18813874,0.866542413,0.84142,0.834647238,0.92356,0.049494662,0.465811208,0.471203625,0.43596,0.49027,0.027553632,0.154644451,0.155353352,0.1428,0.16578,0.01150639,0.263918568,0.26322,0.26169,0.266845703,0.002647889,2016,2016,2015,2017,1
Russia,59.2,59,49,68,7.328028384,5.8,5.81,5.65,5.96,0.12,1.197139619,1.183,1.13764,1.281778097,0.059723354,1.337812478,1.452,1.05261,1.479,0.188367122,0.626303867,0.599,0.547349334,0.726,0.070866743,0.360078622,0.36679,0.32682,0.399,0.029723559,0.030974576,0.031,0.025,0.03586,0.004011601,0.045722764,0.052263822,0.00199,0.082,0.031544337,2017,2017,2015,2019,1.58113883
Cyprus,62.2,65,49,69,7.949842766,5.73,5.69,5.55,6.05,0.19,1.274927615,1.263,1.20813,1.355938077,0.061605373,1.029102655,1.131363273,0.70697,1.223,0.221646442,0.91361494,0.909,0.844714701,1.042,0.079923627,0.377180308,0.406,0.29507,0.423,0.052516058,0.046195595,0.041237976,0.035,0.06146,0.010570426,0.24973886,0.271254301,0.19,0.30638,0.050937688,2017,2017,2015,2019,1.58113883
Paraguay,64,64,53,70,6.964194139,5.67,5.68,5.49,5.88,0.16,0.855223463,0.855,0.75985,0.932537317,0.065125497,1.384032976,1.475,1.11111,1.522,0.175549495,0.643036139,0.615,0.579250693,0.777,0.08175153,0.505969558,0.514,0.46235,0.541,0.036532183,0.080289183,0.08,0.07396,0.091065913,0.007077682,0.233102132,0.224150658,0.162,0.3424,0.070510673,2017,2017,2015,2019,1.58113883
"Hong Kong S.A.R., China",71,71,71,71,,5.47,5.47,5.47,5.47,,1.551674843,1.551674843,1.551674843,1.551674843,,1.262790918,1.262790918,1.262790918,1.262790918,,0.943062425,0.943062425,0.943062425,0.943062425,,0.490968645,0.490968645,0.490968645,0.490968645,,0.293933749,0.293933749,0.293933749,0.293933749,,0.374465793,0.374465793,0.374465793,0.374465793,,2017,2017,2017,2017,
Mauritius,62.6,64,55,71,6.580273551,5.71,5.65,5.48,5.89,0.18,1.110145109,1.12,1.00761,1.189395547,0.067868067,1.148144198,1.20956099,0.75695,1.402,0.27606491,0.698279492,0.684,0.638007462,0.798,0.061706758,0.519071465,0.498,0.46145,0.584,0.051195077,0.055884311,0.05203,0.042181555,0.07521,0.012526647,0.31357675,0.360933751,0.215,0.37744,0.077249393,2017,2017,2015,2019,1.58113883
Moldova,60.2,56,52,71,8.288546314,5.76,5.84,5.53,5.9,0.17,0.671424126,0.685,0.59448,0.72887063,0.050066989,1.145485114,1.251825571,0.83132,1.328,0.214742839,0.61796304,0.61826,0.52309,0.739,0.07820998,0.25958581,0.245,0.232,0.32818,0.039024686,0.009054257,0.010091286,0,0.01903,0.008872705,0.194051825,0.19997,0.171,0.20951,0.017267094,2017,2017,2015,2019,1.58113883
Libya,68,68,63,72,3.391164992,5.6,5.57,5.53,5.75,0.1,1.065826613,1.06688,0.985,1.13145,0.056149768,1.215988866,1.303,0.95076,1.35756433,0.177059722,0.594601804,0.553,0.52016902,0.7038,0.087267641,0.440226646,0.41668,0.40672,0.496,0.038811477,0.121246042,0.11023,0.09261021,0.152,0.027026757,0.150978733,0.152073666,0.116,0.18295,0.027229441,2017,2017,2015,2019,1.58113883
Estonia,65.8,66,55,73,7.328028384,5.64,5.61,5.43,5.89,0.18,1.237851868,1.237,1.15174,1.32087934,0.066122146,1.36324222,1.4766711,1.05163,1.532,0.214422137,0.752151663,0.737,0.68098,0.874,0.07721651,0.478224286,0.47913143,0.41511,0.553,0.051764262,0.171055784,0.174,0.15184,0.18519,0.014382995,0.091784162,0.0868,0.08423,0.103,0.008539076,2017,2017,2015,2019,1.58113883
Hong Kong,74.75,75.5,72,76,1.892969449,5.45,5.44,5.43,5.47,0.02,1.434935,1.4215,1.38604,1.5107,0.054883375,1.1238475,1.16759,0.87021,1.29,0.199755303,1.0295125,1.02164,0.95277,1.122,0.070016857,0.5102175,0.502395,0.44,0.59608,0.066730306,0.3164275,0.303735,0.287,0.37124,0.038802695,0.3249375,0.32639,0.246,0.40097,0.084401172,2017,2017,2015,2019,1.825741858
Jamaica,65.2,65,56,76,9.311283478,5.66,5.71,5.31,5.89,0.25,0.855857862,0.831,0.81038,0.925579309,0.050768821,1.290791613,1.368218064,0.96372,1.493,0.22827725,0.689424477,0.68741,0.59469,0.831,0.088568977,0.495939448,0.49,0.43597,0.575,0.051044233,0.036039556,0.031,0.02299,0.055267781,0.013015983,0.174313667,0.2123,0.096,0.233818337,0.067016852,2017,2017,2015,2019,1.58113883
Kosovo,67.2,69,46,78,12.91123542,5.61,5.59,5.28,6.1,0.31,0.878282876,0.882,0.80148,0.951484382,0.055564753,1.014490701,1.137853503,0.66062,1.232,0.262301349,0.60975441,0.578,0.54,0.758,0.090803445,0.317747588,0.260287941,0.14396,0.489,0.145544619,0.039870324,0.04741,0.006,0.06547,0.024767935,0.28379029,0.27992,0.262,0.319931448,0.021750319,2017,2017,2015,2019,1.58113883
Turkey,75.2,76,69,79,3.962322551,5.42,5.39,5.33,5.5,0.07,1.151034875,1.16492,1.06098,1.198274374,0.053770873,1.180248635,1.337753177,0.87717,1.38,0.246778295,0.702101122,0.686,0.637605608,0.808,0.069869696,0.25735612,0.23889,0.195,0.324,0.053399205,0.119122316,0.109,0.09967158,0.15746,0.02313955,0.081058608,0.083,0.046693042,0.12253,0.034212337,2017,2017,2015,2019,1.58113883
Malaysia,53,47,35,80,17.8465683,5.9,6.01,5.34,6.32,0.37,1.209899084,1.221,1.12486,1.29121542,0.067235276,1.132825207,1.171,0.88025,1.284646034,0.164231546,0.692676886,0.669,0.618784428,0.828,0.086708922,0.437362996,0.402264982,0.356,0.53024,0.076944,0.068884142,0.065600708,0.024,0.10501,0.031260535,0.346619786,0.33075,0.26,0.41660893,0.068122042,2017,2017,2015,2019,1.58113883
Belarus,68.2,67,59,81,9.011104261,5.6,5.57,5.32,5.81,0.21,1.085019512,1.067,1.03192,1.15655756,0.055810289,1.338153043,1.444945216,1.04993,1.498,0.191832348,0.698766853,0.7,0.63104,0.789,0.06680224,0.301538052,0.295400262,0.235,0.37938,0.051640929,0.163556764,0.156313822,0.142,0.1909,0.019218675,0.120003502,0.11046,0.094,0.155137509,0.026171514,2017,2017,2015,2019,1.58113883
Croatia,74,75,62,82,7.38241153,5.46,5.43,5.29,5.76,0.19,1.152317247,1.155,1.08254,1.222556233,0.055610095,0.959862601,0.967983007,0.60809,1.266,0.266813896,0.769115704,0.737,0.701288521,0.914,0.088122099,0.285934459,0.25883,0.23907,0.38,0.056547163,0.033684622,0.039,0.022,0.04310311,0.009768568,0.145156595,0.12,0.05444,0.248002976,0.073585392,2017,2017,2015,2019,1.58113883
North Macedonia,84,84,84,84,,5.27,5.27,5.27,5.27,,0.983,0.983,0.983,0.983,,1.294,1.294,1.294,1.294,,0.838,0.838,0.838,0.838,,0.345,0.345,0.345,0.345,,0.034,0.034,0.034,0.034,,0.185,0.185,0.185,0.185,,2019,2019,2019,2019,
Romania,62.8,57,48,86,15.61089363,5.7,5.82,5.12,6.07,0.38,1.141766782,1.162,1.04345,1.217683911,0.065732745,1.043000258,1.15009129,0.72803,1.232,0.224754499,0.736215662,0.726,0.67602,0.825,0.061817585,0.432960748,0.457003742,0.35068,0.528,0.073414795,0.00473358,0.005,0.001,0.00679,0.002315382,0.114177984,0.12889,0.083,0.13748,0.026414443,2017,2017,2015,2019,1.58113883
Serbia,78.8,78,70,87,7.596051606,5.34,5.39,5.12,5.6,0.19,1.000643516,1.004,0.92053,1.069317579,0.056878454,1.166623959,1.258189797,0.81329,1.383,0.247814349,0.716788934,0.685,0.6458,0.854,0.086934079,0.227393106,0.208715528,0.15718,0.288,0.056184399,0.038492756,0.040903781,0.02617,0.04339,0.007110185,0.178161177,0.19231,0.134,0.220125884,0.040183433,2017,2017,2015,2019,1.58113883
Turkmenistan,69.8,68,59,87,10.47377678,5.58,5.64,5.25,5.82,0.21,1.047483353,1.052,0.95847,1.130776763,0.065079159,1.365799832,1.493149161,1.03817,1.538,0.223898571,0.518129216,0.517,0.43772608,0.657,0.089827059,0.415890386,0.417,0.37408,0.4761,0.038273352,0.183476068,0.25927034,0.028,0.30844,0.138950543,0.217676998,0.22567,0.16979,0.249924988,0.033311845,2017,2017,2015,2019,1.58113883
Algeria,66.2,68,38,88,21.00476136,5.67,5.61,5.21,6.36,0.47,1.012962893,1.002,0.93929,1.091864467,0.06021353,1.074205493,1.146217465,0.83309,1.16,0.138800772,0.665056929,0.61804,0.617584646,0.785,0.07344814,0.178437162,0.21006,0.077,0.28579,0.092699277,0.146099222,0.14609611,0.114,0.17383,0.023248085,0.069219329,0.07044,0.055,0.07822,0.008646273,2017,2017,2015,2019,1.58113883
Montenegro,81.4,82,73,88,5.412947441,5.29,5.24,5.16,5.52,0.15,1.048377807,1.051,0.97438,1.121129036,0.056258313,1.1051353,1.238376498,0.74173,1.361,0.267085481,0.725600935,0.72521,0.63533,0.871,0.090389796,0.196939811,0.194989055,0.15111,0.259,0.039246904,0.103868839,0.088174194,0.08,0.14296,0.029205975,0.156844205,0.1614,0.111,0.197911024,0.032620004,2017,2017,2015,2019,1.58113883
Latvia,63.4,54,53,89,15.66205606,5.68,5.85,5.1,5.94,0.36,1.185349725,1.187,1.11312,1.260748625,0.057788562,1.273916988,1.404714942,0.95025,1.465,0.235902972,0.697091394,0.671,0.638566971,0.812,0.073089747,0.305875582,0.29671,0.264,0.363,0.039261018,0.071212545,0.066,0.06332,0.0889,0.010738338,0.135356957,0.153074786,0.075,0.18226,0.048900079,2017,2017,2015,2019,1.58113883
Azerbaijan,84.6,85,80,90,4.159326869,5.23,5.21,5.2,5.29,0.04,1.073644353,1.043,1.02389,1.153601766,0.060788349,1.031750051,1.147,0.76042,1.161,0.178161984,0.619653155,0.603,0.540775776,0.769,0.093277918,0.380545168,0.3703,0.351,0.43,0.033457926,0.175755501,0.17914,0.16065,0.182,0.008747263,0.049131868,0.04526934,0.031,0.07799,0.018901131,2017,2017,2015,2019,1.58113883
Philippines,76.8,72,69,90,8.927485648,5.39,5.43,5.07,5.63,0.22,0.791437843,0.807,0.70532,0.857699215,0.056455864,1.154569515,1.253917575,0.87877,1.312,0.189829791,0.537901811,0.513,0.468009055,0.657,0.080809828,0.592040935,0.585214674,0.54854,0.643,0.041263502,0.110338379,0.107,0.099331893,0.12279,0.009593292,0.179432685,0.193513423,0.117,0.24991,0.059133829,2017,2017,2015,2019,1.58113883
Somaliland region,91,91,91,91,,5.06,5.06,5.06,5.06,,0.18847,0.18847,0.18847,0.18847,,0.95152,0.95152,0.95152,0.95152,,0.43873,0.43873,0.43873,0.43873,,0.46582,0.46582,0.46582,0.46582,,0.39928,0.39928,0.39928,0.39928,,0.50318,0.50318,0.50318,0.50318,,2015,2015,2015,2015,
Morocco,88,89,84,92,3.391164992,5.17,5.21,5.01,5.25,0.1,0.806696916,0.801,0.73479,0.878114581,0.055269171,0.676152887,0.774864435,0.38595,0.797,0.173931427,0.650592134,0.60954,0.59471,0.782,0.079390517,0.391905666,0.41691,0.25646,0.46,0.078346421,0.081452637,0.08404,0.074,0.087763183,0.006079668,0.041291991,0.036,0.026,0.07172,0.017823986,2017,2017,2015,2019,1.58113883
Pakistan,79,80,67,92,9.137833441,5.34,5.27,5.13,5.65,0.22,0.667894706,0.677,0.59543,0.726883531,0.048675058,0.608830138,0.67269069,0.26135,0.886,0.264588829,0.455753557,0.424,0.402047783,0.535,0.064068669,0.229891052,0.235215262,0.12102,0.334,0.095692043,0.115757613,0.113,0.098,0.1388,0.016211771,0.280001204,0.31185,0.216,0.33671,0.057408333,2017,2017,2015,2019,1.58113883
China,85,84,79,93,5.14781507,5.22,5.25,5.14,5.27,0.05,1.003417158,1.0278,0.89012,1.081165791,0.071305601,1.033679482,1.125,0.79381,1.160837412,0.15916659,0.7971211,0.799,0.73561,0.893,0.064151523,0.509575542,0.51697,0.44012,0.597,0.059172733,0.056210855,0.02781,0.022794275,0.103,0.041404035,0.049449368,0.04959,0.028806841,0.08185,0.022176703,2017,2017,2015,2019,1.58113883
Portugal,82.8,88,66,94,11.25610945,5.3,5.2,5.1,5.69,0.25,1.232031059,1.221,1.15991,1.315175295,0.063470973,1.262012604,1.367043018,0.94367,1.431,0.214395106,0.869532708,0.87519,0.79363,0.999,0.083955943,0.50608506,0.508,0.44727,0.562,0.040992269,0.01677189,0.015869452,0.01078,0.025,0.005169876,0.090240543,0.095102713,0.047,0.13719,0.03889342,2017,2017,2015,2019,1.58113883
Macedonia,92.25,92.5,89,95,2.5,5.12,5.15,5.01,5.19,0.08,0.990346984,0.98915,0.91851,1.064577937,0.064528281,1.057893253,1.105106507,0.78236,1.239,0.211586501,0.679694546,0.66919,0.644948184,0.73545,0.042770798,0.332788995,0.330237989,0.27668,0.394,0.048116367,0.059004448,0.056773897,0.052,0.07047,0.008466138,0.221355241,0.22933,0.173,0.253760964,0.034551647,2016.5,2016.5,2015,2018,1.290994449
Bosnia and Herzegovina,88.8,90,78,96,6.90651866,5.16,5.16,4.95,5.39,0.16,0.921693884,0.93383,0.83223,0.982409418,0.055734709,0.984433188,1.069335938,0.64367,1.212,0.216869787,0.761331261,0.758,0.705186307,0.845,0.058977562,0.176792635,0.204403177,0.09245,0.28,0.081300974,0.001654,0,0,0.006,0.002620798,0.270967499,0.263,0.216,0.328867495,0.043990966,2017,2017,2015,2019,1.58113883
Indonesia,84.4,81,74,96,9.235799911,5.25,5.26,5.09,5.4,0.12,0.920969718,0.931,0.82827,0.995538592,0.062532495,1.13115494,1.203,0.87625,1.274444699,0.157831232,0.561203144,0.522,0.492345721,0.66,0.08135929,0.466160693,0.46611,0.39237,0.538,0.054185988,0.012907427,0.015317135,0,0.028,0.011401477,0.534852918,0.51535,0.484,0.611704588,0.052802112,2017,2017,2015,2019,1.58113883
Vietnam,90.8,94,75,96,8.871302046,5.15,5.1,5.06,5.36,0.12,0.723415515,0.74037,0.63216,0.788547575,0.057526611,1.138384266,1.277491331,0.79117,1.365,0.267160855,0.722699798,0.702,0.652168989,0.851,0.08090081,0.577207118,0.571055591,0.543,0.618,0.029500537,0.091920647,0.087633237,0.073,0.11556,0.017734985,0.19566361,0.177,0.147,0.25075,0.044800295,2017,2017,2015,2019,1.58113883
Bhutan,90.4,95,79,97,8.35463943,5.12,5.08,5.01,5.25,0.1,0.823507278,0.813,0.77042,0.885416389,0.045744577,1.201687303,1.321,0.90836,1.340126514,0.191550709,0.539707858,0.527,0.495879292,0.604,0.047881581,0.498467536,0.501537681,0.457,0.541,0.039018628,0.165486078,0.167,0.15445,0.17338039,0.00761433,0.434698909,0.474054545,0.364,0.48546,0.06196817,2017,2017,2015,2019,1.58113883
Somaliland Region,97,97,97,97,,5.06,5.06,5.06,5.06,,0.25558,0.25558,0.25558,0.25558,,0.75862,0.75862,0.75862,0.75862,,0.33108,0.33108,0.33108,0.33108,,0.3913,0.3913,0.3913,0.3913,,0.36794,0.36794,0.36794,0.36794,,0.51479,0.51479,0.51479,0.51479,,2016,2016,2016,2016,
Dominican Republic,86.6,86,77,98,7.765307463,5.2,5.23,4.89,5.43,0.2,0.999922767,1.015,0.89537,1.079373837,0.068142039,1.282279341,1.401,0.99496,1.441,0.192632652,0.642562749,0.614,0.574873745,0.779,0.085164267,0.545379967,0.552589834,0.497,0.578,0.035207422,0.117401051,0.113945253,0.101,0.14234,0.016376823,0.16993357,0.18696785,0.113,0.21684,0.050169341,2017,2017,2015,2019,1.58113883
Kyrgyzstan,87.6,86,77,98,7.893034904,5.17,5.19,5,5.29,0.11,0.542388015,0.551,0.47428,0.596220076,0.04497248,1.270745718,1.394238591,0.95434,1.438,0.21138768,0.615165559,0.594,0.553457797,0.723,0.072182304,0.467966678,0.454943389,0.40212,0.54,0.055675122,0.037475836,0.039439179,0.023,0.04762,0.009299251,0.338840075,0.3003,0.281,0.428580374,0.064150424,2017,2017,2015,2019,1.58113883
Jordan,85.4,82,74,101,10.43072385,5.18,5.19,4.91,5.34,0.17,0.909744479,0.90198,0.822,0.99673,0.082495598,1.129033779,1.225,0.86216,1.265,0.170786527,0.673620012,0.645,0.604590058,0.815,0.087340232,0.40725223,0.40661,0.36023,0.468,0.040665432,0.131940654,0.13297,0.119803272,0.14293,0.008323887,0.133064092,0.13,0.11,0.17217046,0.02583481,2017,2017,2015,2019,1.58113883
Mongolia,95.6,100,83,101,7.569676347,5.03,4.95,4.87,5.29,0.17,0.941191173,0.948,0.82819,1.027235866,0.076157138,1.386288247,1.493011236,1.08983,1.531,0.190162311,0.591430697,0.575,0.55469,0.667,0.046339098,0.380424794,0.394143969,0.317,0.43626,0.044636352,0.032482458,0.03285,0.02666,0.038,0.004027667,0.300830846,0.3323,0.235,0.34539,0.052472821,2017,2017,2015,2019,1.58113883
Greece,89.8,87,79,102,10.23230179,5.15,5.23,4.86,5.36,0.2,1.205481496,1.181,1.154,1.289487481,0.060894496,1.056294915,1.156,0.75473,1.239414573,0.207222931,0.874123781,0.879,0.80029,0.999,0.079403659,0.08578825,0.07699,0.05822,0.131,0.028867722,0.035305955,0.04127,0.01397,0.044,0.012568076,0,0,0,0,0,2017,2017,2015,2019,1.58113883
Lebanon,91,91,80,103,8.336666,5.15,5.2,4.84,5.36,0.19,1.035061506,1.02564,0.965,1.12268,0.064378521,0.99489485,1.129624248,0.64184,1.224,0.258439412,0.787252215,0.785,0.735081077,0.83947,0.041460649,0.321791197,0.288515985,0.216,0.503,0.110655891,0.055388766,0.03751383,0.027,0.136,0.045632102,0.219984152,0.21854,0.166,0.264450759,0.036113104,2017,2017,2015,2019,1.58113883
Nigeria,90.4,91,78,103,9.5289034,5.13,5.16,4.88,5.27,0.16,0.715053251,0.696,0.65435,0.783756256,0.052018498,1.009614097,1.111,0.64498,1.215770483,0.236216855,0.112213146,0.05691573,0.048,0.245,0.087808059,0.380966513,0.394952565,0.27854,0.462,0.071932252,0.033984313,0.032,0.026121566,0.041,0.006461588,0.230293439,0.230947196,0.201,0.27233,0.026753933,2017,2017,2015,2019,1.58113883
Hungary,80.2,75,62,104,17.07922715,5.33,5.32,4.8,5.76,0.38,1.204074387,1.201,1.12094,1.286011934,0.063488483,1.257584618,1.343133092,0.93164,1.41,0.200268478,0.736578691,0.732,0.67608,0.828,0.06108764,0.230536704,0.199,0.175863519,0.32112,0.059324242,0.030187387,0.02758,0.02,0.04472,0.01037314,0.089480332,0.081,0.061,0.128,0.025397693,2017,2017,2015,2019,1.58113883
Honduras,86.2,91,59,105,20.21633003,5.24,5.18,4.79,5.86,0.45,0.656436624,0.642,0.59532,0.730573118,0.055227672,1.058876996,1.143944979,0.75596,1.236,0.201759935,0.662299896,0.622,0.58256948,0.828,0.1032847,0.396621972,0.40148,0.26755,0.507,0.093693434,0.072531091,0.073345453,0.06825,0.078,0.003971966,0.222771775,0.23027,0.197,0.246,0.021080197,2017,2017,2015,2019,1.58113883
Tajikistan,92.8,96,74,106,12.37739876,5.1,5.04,4.79,5.47,0.25,0.474106727,0.48835,0.39047,0.524713635,0.050289162,1.029422655,1.098,0.75602,1.271463275,0.21615549,0.590043025,0.57379,0.529235125,0.718,0.07723623,0.411761341,0.43408,0.292,0.47216,0.075139304,0.122037429,0.144,0.034,0.15072,0.049543982,0.231143529,0.23,0.187,0.25998,0.027848879,2017,2017,2015,2019,1.58113883
Venezuela,71.8,82,23,108,37.01621266,5.53,5.25,4.71,6.81,0.9,1.05246824,1.04424,0.96,1.13367,0.077734868,1.323263519,1.427,1.03302,1.469,0.181969399,0.683740845,0.657,0.617144227,0.805,0.079675703,0.213709425,0.154,0.133,0.42908,0.1227411,0.071444225,0.064491123,0.047,0.11069,0.025974201,0.057185926,0.05841,0.0425,0.06501963,0.009032991,2017,2017,2015,2019,1.58113883
Laos,104,103.5,99,110,4.69041576,4.79,4.84,4.62,4.88,0.12,0.68877,0.70021,0.59066,0.764,0.073779311,0.8379325,0.884015,0.5497,1.034,0.236918321,0.481,0.495045,0.38291,0.551,0.083182322,0.5726475,0.571455,0.52168,0.626,0.047057105,0.20118,0.199115,0.164,0.24249,0.038117902,0.3371775,0.34396,0.23,0.43079,0.104079848,2017,2017,2015,2019,1.825741858
Palestinian Territories,106.6,108,103,110,2.966479395,4.74,4.74,4.7,4.78,0.03,0.656831846,0.657,0.59867,0.716249228,0.042758087,1.052303432,1.155647159,0.71629,1.247,0.226205379,0.613651395,0.602,0.565666974,0.672,0.050122375,0.233628212,0.24499,0.17744,0.266,0.034831992,0.09329252,0.089282602,0.066,0.12905,0.025016947,0.105444635,0.11154,0.086,0.114173174,0.011697546,2017,2017,2015,2019,1.58113883
Albania,106.4,109,95,112,6.618156843,4.71,4.66,4.59,4.96,0.15,0.938632551,0.947,0.87867,0.996192753,0.044070213,0.75493105,0.80434,0.50163,0.848,0.142735789,0.787695949,0.79,0.73007,0.874,0.060464451,0.371897727,0.381498635,0.31866,0.419,0.037015322,0.043200843,0.039864216,0.027,0.06413,0.015275049,0.167886589,0.1684,0.14272,0.201312944,0.023504927,2017,2017,2015,2019,1.58113883
Somalia,94.75,95.5,76,112,14.86326568,5.06,5.07,4.67,5.44,0.32,0.005660796,0,0,0.022643184,0.011321592,0.616820338,0.705,0.33613,0.721151352,0.187368916,0.152912284,0.11483,0.113989137,0.268,0.076726293,0.600726739,0.584953478,0.559,0.674,0.052273447,0.286552581,0.282205162,0.27,0.3118,0.017788614,0.261220328,0.257625,0.238,0.291631311,0.025282705,2017.5,2017.5,2016,2019,1.290994449
South Africa,108.2,106,101,116,6.140032573,4.68,4.72,4.46,4.83,0.14,0.979869741,0.96,0.92049,1.054698706,0.057165019,1.258199726,1.351,0.96053,1.41,0.188210242,0.289814014,0.27688,0.18611,0.469,0.117471917,0.428229347,0.42483,0.33207,0.516,0.072635354,0.071299899,0.072509497,0.055,0.08884,0.015604623,0.125730476,0.13,0.103,0.13936238,0.014781885,2017,2017,2015,2019,1.58113883
Iran,109.2,108,105,117,4.7644517,4.69,4.69,4.55,4.81,0.09,1.088450621,1.1,1.0088,1.156873107,0.056734262,0.65151825,0.711551249,0.38857,0.842,0.183551258,0.691140638,0.691,0.639333189,0.785,0.059001706,0.307818522,0.30033,0.22544,0.459,0.091005294,0.083418215,0.05863,0.048761073,0.129,0.039970666,0.341096583,0.38086,0.27,0.387242913,0.05962123,2017,2017,2015,2019,1.58113883
Namibia,114,113,111,119,3.464101615,4.56,4.57,4.44,4.64,0.08,0.912576081,0.905935,0.874,0.964434326,0.043652369,1.099022702,1.189735404,0.70362,1.313,0.280027155,0.382015453,0.356225,0.338611811,0.477,0.064265689,0.481610887,0.50257,0.401,0.520303547,0.056016949,0.079281743,0.078573486,0.056,0.10398,0.02293338,0.069020936,0.073566872,0.051,0.07795,0.012533403,2017.5,2017.5,2016,2019,1.290994449
Gambia,120,120,120,120,,4.52,4.52,4.52,4.52,,0.308,0.308,0.308,0.308,,0.939,0.939,0.939,0.939,,0.428,0.428,0.428,0.428,,0.382,0.382,0.382,0.382,,0.167,0.167,0.167,0.167,,0.269,0.269,0.269,0.269,,2019,2019,2019,2019,
Nepal,105.6,101,99,121,9.154233993,4.81,4.88,4.51,4.96,0.18,0.431410038,0.446,0.35997,0.479820192,0.044501963,1.038952652,1.179283261,0.69699,1.228,0.243820612,0.557920156,0.539,0.50073,0.677,0.07214406,0.43164919,0.439,0.37012,0.526,0.061646533,0.073825109,0.072975546,0.05907,0.089,0.010956367,0.337131233,0.32296,0.285,0.394096166,0.048412725,2017,2017,2015,2019,1.58113883
Mozambique,113.25,118,94,123,13.67174702,4.6,4.51,4.42,4.97,0.25,0.179846412,0.201,0.08308,0.23430565,0.066439184,0.946240254,0.944,0.870701015,1.02626,0.072220435,0.190241109,0.139827218,0.09131,0.39,0.137810216,0.461540273,0.487395546,0.34037,0.531,0.083528671,0.157866596,0.157015,0.138,0.179436386,0.016963965,0.236979526,0.214345,0.197,0.322228104,0.057820423,2017.25,2017.5,2015,2019,1.707825128
Tunisia,108.4,107,98,124,10.01498877,4.73,4.74,4.46,5.05,0.22,0.937327161,0.921,0.88113,1.007265806,0.053156521,0.762058292,0.86835146,0.43165,1,0.235952422,0.69038241,0.69,0.59577,0.815,0.090411885,0.245178138,0.26268,0.167,0.28968069,0.047849944,0.07000063,0.06358,0.055,0.086723149,0.013525625,0.050472671,0.049693357,0.03936,0.06431,0.011157538,2017,2017,2015,2019,1.58113883
Bangladesh,113.8,110,109,125,6.68580586,4.58,4.61,4.46,4.69,0.1,0.523996595,0.54177,0.39753,0.586682975,0.073735319,0.638336348,0.735131741,0.24749,0.928,0.288877237,0.593354207,0.579,0.52989,0.723,0.078619381,0.478267332,0.478356659,0.39778,0.58,0.07764029,0.132447572,0.12583,0.123717859,0.144,0.010130119,0.17895907,0.172255352,0.153,0.21222,0.023161567,2017,2017,2015,2019,1.58113883
Kenya,120.8,122,112,125,5.167204273,4.45,4.42,4.36,4.55,0.08,0.490571892,0.512,0.36471,0.560479462,0.074537964,0.972022145,0.99876,0.7624,1.067950726,0.122220903,0.41216167,0.41435,0.30147,0.581,0.1150583,0.443134753,0.431,0.40576,0.504,0.03801901,0.059578264,0.05839,0.053,0.06686,0.006006335,0.391512062,0.37542,0.352,0.444860309,0.037150897,2017,2017,2015,2019,1.58113883
Djibouti,126,126,126,126,,4.37,4.37,4.37,4.37,,0.44025,0.44025,0.44025,0.44025,,0.59207,0.59207,0.59207,0.59207,,0.36291,0.36291,0.36291,0.36291,,0.46074,0.46074,0.46074,0.46074,,0.28105,0.28105,0.28105,0.28105,,0.18093,0.18093,0.18093,0.18093,,2015,2015,2015,2015,
Iraq,116.8,117,112,126,5.718391382,4.53,4.5,4.44,4.68,0.1,1.043188097,1.043,0.98549,1.102710485,0.047352383,0.86811064,0.971,0.59205,0.98,0.168781229,0.544862094,0.536,0.50118047,0.60237,0.042736842,0.216423107,0.24856,0,0.304,0.123843211,0.113091151,0.107215755,0.089,0.13788,0.02290262,0.174149453,0.17922,0.148,0.199637264,0.02507777,2017,2017,2015,2019,1.58113883
Armenia,122.8,121,116,129,5.215361924,4.39,4.36,4.32,4.56,0.09,0.839133348,0.85,0.76821,0.900596738,0.049832602,0.890872744,0.99,0.62477,1.055,0.183108384,0.697850885,0.666,0.637524426,0.815,0.075259888,0.216028653,0.19847,0.14037,0.283,0.056491964,0.038766884,0.03616,0.026674422,0.064,0.015047539,0.082393618,0.07855,0.077,0.095,0.007481763,2017,2017,2015,2019,1.58113883
Sierra Leone,116.4,113,106,129,9.37016542,4.56,4.57,4.37,4.71,0.13,0.317502186,0.33024,0.256,0.368420929,0.052985307,0.844369209,0.841,0.628,0.984136045,0.14119362,0.049512951,0,0,0.242,0.107630508,0.339589538,0.318697691,0.30685,0.4084,0.043059344,0.067783035,0.071095176,0.045,0.08786,0.018389168,0.24737818,0.23897,0.21488,0.293040901,0.028815034,2017,2017,2015,2019,1.58113883
Georgia,125.6,126,119,130,4.159326869,4.34,4.3,4.25,4.52,0.11,0.853886533,0.853,0.7419,0.950612664,0.076131332,0.481344987,0.570614934,0.19249,0.666,0.191645249,0.682831396,0.649546981,0.64035,0.752,0.053476566,0.352158007,0.346,0.309410036,0.40577,0.038794991,0.266555327,0.251666635,0.164,0.38331,0.086253086,0.051667763,0.054008815,0.038,0.06786,0.011662589,2017,2017,2015,2019,1.58113883
Mauritania,125,124,122,130,3.16227766,4.35,4.36,4.2,4.49,0.11,0.568687458,0.57,0.45407,0.648457289,0.073627076,1.078906166,1.167,0.84142,1.27203083,0.208009327,0.342295856,0.292,0.28534928,0.489,0.087593616,0.132043609,0.1268,0.066,0.24232,0.066804722,0.134423401,0.136957005,0.088,0.17955,0.043384393,0.177546005,0.201870024,0.106,0.22686,0.054214959,2017,2017,2015,2019,1.58113883
Ghana,115,114,98,131,13,4.54,4.63,4.12,5,0.35,0.609374965,0.611,0.54558,0.667224824,0.045253753,0.762146947,0.868,0.49353,0.896,0.173591977,0.363353545,0.337,0.295637727,0.486,0.080919079,0.427235259,0.423026294,0.381,0.499,0.043665155,0.034097274,0.0326,0.02533637,0.04355,0.007569242,0.231364789,0.23087,0.212,0.256923944,0.019926511,2017,2017,2015,2019,1.58113883
Myanmar,124.6,129,114,131,7.635443668,4.38,4.36,4.31,4.55,0.1,0.47426211,0.36711055,0.27108,0.71,0.205680962,0.977419188,1.123235941,0.69981,1.181,0.250220188,0.452556514,0.429,0.397522569,0.555,0.066824946,0.497316407,0.514492035,0.42692,0.58,0.063480954,0.186317241,0.188816205,0.172,0.20243,0.011792034,0.723533032,0.79588,0.566,0.838075161,0.130555726,2017,2017,2015,2019,1.58113883
Congo (Kinshasa),126,126,120,132,4.301162634,4.35,4.28,4.25,4.52,0.12,0.06234247,0.069,0,0.094,0.038247932,1.059596691,1.125,0.80676,1.229023457,0.162908758,0.207693405,0.191407025,0.09806,0.357,0.093512914,0.23980627,0.235961348,0.15602,0.312,0.057637587,0.060448271,0.060241356,0.052,0.07625,0.009704104,0.231675167,0.246455833,0.197,0.25458,0.025545526,2017,2017,2015,2019,1.58113883
Sri Lanka,123,120,116,132,7.483314774,4.39,4.42,4.27,4.47,0.08,0.937054029,0.949,0.83524,1.009850144,0.066098826,1.141171277,1.259976387,0.84783,1.314,0.200175351,0.691252166,0.672,0.62007,0.831,0.086054543,0.532328651,0.53726,0.47,0.585,0.045003918,0.068416793,0.073653966,0.047,0.09179,0.019349111,0.383984712,0.40828,0.244,0.490863562,0.105944026,2017,2017,2015,2019,1.58113883
Cameroon,109.8,107,96,133,14.75466028,4.7,4.7,4.25,5.04,0.33,0.519155073,0.535,0.4225,0.564305365,0.056027553,0.852021644,0.891,0.62542,0.946018219,0.12877817,0.201378423,0.182,0.12698,0.331,0.084362682,0.43716775,0.430388749,0.381,0.49309,0.040949926,0.050085326,0.051306631,0.037,0.06126,0.010102451,0.207855691,0.20618,0.183,0.236298457,0.023576741,2017,2017,2015,2019,1.58113883
Bulgaria,113,105,97,134,17.21917536,4.62,4.71,4.22,5.01,0.38,1.086535818,1.092,1.01216,1.161459088,0.056870967,1.298787892,1.434379458,0.92542,1.515,0.268112089,0.735953536,0.712,0.67806,0.815,0.054487453,0.295458344,0.30587,0.21219,0.359,0.053291359,0.007784306,0.00872,0.004,0.011051531,0.002739531,0.101063539,0.113177694,0.064,0.12793,0.027267678,2017,2017,2015,2019,1.58113883
Ethiopia,123.4,122,115,134,7.368853371,4.42,4.46,4.29,4.51,0.1,0.293358769,0.308,0.19073,0.339233845,0.060560108,0.766209841,0.864669204,0.37932,1.033,0.269548872,0.412547942,0.391,0.34578,0.532,0.076603708,0.401274548,0.408842742,0.344,0.452,0.045241968,0.146727143,0.15048,0.1,0.1717,0.028162215,0.256024148,0.24325,0.209,0.31265074,0.045866857,2017,2017,2015,2019,1.58113883
Swaziland,118,118,101,135,24.04163056,4.54,4.54,4.21,4.87,0.46,0.76153,0.76153,0.71206,0.811,0.069961145,1.11092,1.11092,1.07284,1.149,0.053853252,0.03783,0.03783,0,0.07566,0.053499699,0.30979,0.30979,0.30658,0.313,0.004539626,0.0828,0.0828,0.0306,0.135,0.073821948,0.128295,0.128295,0.074,0.18259,0.076784725,2017,2017,2015,2019,2.828427125
Egypt,123.6,122,104,137,13.31540461,4.38,4.36,4.17,4.74,0.23,0.924690361,0.913,0.8818,0.989701807,0.046460163,0.861320278,0.997471392,0.49813,1.039,0.235517815,0.571093452,0.553,0.520187259,0.644,0.056670034,0.239292031,0.241,0.17288,0.312,0.059405796,0.091110273,0.10393,0.06324,0.114381365,0.024064652,0.107320289,0.11291,0.076,0.128631443,0.022862295,2017,2017,2015,2019,1.58113883
Sudan,129.5,131.5,118,137,8.185352772,4.24,4.14,4.14,4.55,0.21,0.604069173,0.617845,0.52107,0.659516692,0.05964569,1.071832142,1.114024285,0.81928,1.24,0.196313594,0.317322706,0.304795,0.290920824,0.36878,0.035414796,0.032951464,0.015497928,0,0.10081,0.045826979,0.10470938,0.09511876,0.082,0.1466,0.028925605,0.171926863,0.181543725,0.134,0.19062,0.025651808,2016.5,2016.5,2015,2018,1.290994449
Mali,129.2,128,118,138,7.791020472,4.22,4.19,4,4.45,0.2,0.360968099,0.37,0.26074,0.476180494,0.081066786,1.10361268,1.105,0.86333,1.281473398,0.166422124,0.199733135,0.169365674,0.152,0.308,0.063785844,0.332924749,0.327,0.27544,0.38857,0.045523029,0.094592049,0.104970247,0.052,0.13647,0.0387354,0.17479484,0.183354199,0.139,0.21064,0.028671729,2017,2017,2015,2019,1.58113883
Ukraine,127.4,132,111,138,10.64424727,4.31,4.32,4.1,4.68,0.24,0.83591839,0.82,0.793,0.894651949,0.045464931,1.282889514,1.39,1.01413,1.413,0.172855354,0.63681679,0.609,0.575903952,0.739,0.068656186,0.168758955,0.163,0.122974776,0.25123,0.051550392,0.018385894,0.01829,0.01,0.02961,0.008252684,0.200088293,0.187,0.15275,0.270061463,0.043279063,2017,2017,2015,2019,1.58113883
Zambia,114,116,85,138,20.03746491,4.58,4.51,4.11,5.13,0.39,0.571761356,0.578,0.47038,0.636406779,0.063663516,0.93238146,1.003187299,0.6376,1.058,0.173990976,0.302761179,0.295,0.23573,0.426,0.073776524,0.462098698,0.461603492,0.42662,0.503,0.033852496,0.09733671,0.087,0.07821355,0.12468,0.020976358,0.218430029,0.221,0.17866,0.249580145,0.031152787,2017,2017,2015,2019,1.58113883
Congo (Brazzaville),121.4,124,103,139,13.61249426,4.38,4.29,3.99,4.81,0.32,0.72274285,0.682,0.673,0.808964252,0.062946814,0.716586873,0.799,0.47799,0.832044363,0.149036021,0.346717487,0.31051,0.28212,0.508,0.093181798,0.423013174,0.41466,0.372,0.514,0.057006317,0.092801627,0.093,0.077,0.11686,0.016005453,0.112300426,0.12077,0.091,0.12388,0.014017455,2017,2017,2015,2019,1.58113883
India,126,122,117,140,10.07472084,4.3,4.32,4.02,4.57,0.21,0.73071425,0.74036,0.64499,0.792221248,0.054564097,0.588116519,0.747,0.29247,0.765,0.231393032,0.498925523,0.485,0.45091,0.588,0.056110465,0.461539401,0.469987005,0.39786,0.539,0.061033584,0.088473377,0.08722,0.08492,0.093,0.00390003,0.223713698,0.231538489,0.172,0.26475,0.037708155,2017,2017,2015,2019,1.58113883
Angola,140,140.5,137,142,2.160246899,3.87,3.83,3.8,4.03,0.11,0.798379545,0.802545,0.73,0.85842818,0.064093976,0.93836799,0.98240598,0.66366,1.125,0.219047631,0.133902166,0.10837,0.049868666,0.269,0.105596686,0.0274325,0.002945,0,0.10384,0.051013951,0.071570084,0.070470168,0.061,0.08434,0.009632265,0.105269123,0.109318245,0.079,0.12344,0.020917158,2016.5,2016.5,2015,2018,1.290994449
Comoros,140,140,138,142,2,3.96,3.96,3.96,3.97,0.01,0.262716667,0.274,0.23906,0.27509,0.020494522,0.717653333,0.757,0.60323,0.79273,0.100691026,0.38932,0.36315,0.29981,0.505,0.105068481,0.175096667,0.15412,0.142,0.22917,0.047219357,0.15379,0.18437,0.078,0.199,0.066042428,0.210703333,0.1827,0.17441,0.275,0.05583661,2016.666667,2016,2015,2019,2.081665999
Senegal,121,115,109,142,13.87443693,4.39,4.53,3.9,4.68,0.33,0.433285804,0.44314,0.36498,0.479309022,0.042363478,1.036208382,1.117,0.77416,1.179691911,0.165037549,0.450666571,0.433,0.40457,0.571,0.068658942,0.350840453,0.36772,0.292,0.406,0.047816402,0.09868009,0.10713,0.072,0.11681,0.020443383,0.174785779,0.183468893,0.138,0.20843,0.028718541,2017,2017,2015,2019,1.58113883
Gabon,120.4,118,103,143,17.8409641,4.41,4.47,3.9,4.8,0.39,1.101992048,1.06024,1.036,1.198210239,0.071719397,1.026316043,1.155620217,0.72368,1.183,0.204000369,0.422939718,0.404,0.3494,0.571,0.089733862,0.312689715,0.312328577,0.28098,0.356,0.028442703,0.077419357,0.076046787,0.052,0.11091,0.025096897,0.049889076,0.043785378,0.032,0.06822,0.014985677,2017,2017,2015,2019,1.58113883
Lesotho,130.25,140,97,144,22.26170104,4.08,3.81,3.8,4.9,0.55,0.464367812,0.4805,0.37545,0.521021247,0.062665737,1.153781297,1.179547593,1.04103,1.215,0.077483099,0.08078,0.07756,0,0.168,0.068696484,0.372582825,0.37483065,0.31767,0.423,0.044976417,0.11228366,0.11554732,0.093,0.12504,0.01391706,0.136094318,0.136748636,0.107,0.16388,0.028754081,2017.25,2017.5,2015,2019,1.707825128
Niger,133.8,135,114,144,11.88276062,4.1,4.03,3.85,4.63,0.32,0.126605066,0.1327,0.0694,0.161925331,0.034301053,0.802395001,0.774,0.6053,0.993025005,0.142347361,0.282839001,0.268505007,0.221,0.366,0.053847109,0.385797739,0.38041,0.318,0.47692,0.057958226,0.133544589,0.138572946,0.099,0.17176,0.032388287,0.199048769,0.19387,0.175,0.228673846,0.020726385,2017,2017,2015,2019,1.58113883
Cambodia,128.6,129,109,145,14.63898904,4.21,4.17,3.82,4.7,0.37,0.548237019,0.55604,0.46038,0.601765096,0.053172621,0.876219668,1.006238341,0.5375,1.122,0.273324845,0.511972681,0.457,0.42494,0.637,0.103462249,0.637871165,0.633375823,0.58852,0.696,0.042640538,0.06969919,0.068105951,0.062,0.08092,0.00737364,0.336180594,0.385922968,0.232,0.40359,0.084879267,2017,2017,2015,2019,1.58113883
Uganda,138,136,133,145,4.898979486,4.02,4.08,3.74,4.19,0.19,0.318728143,0.332,0.21102,0.381430715,0.064283709,1.066325548,1.09,0.90981,1.13299,0.091571593,0.286498521,0.237,0.19625,0.443,0.103133084,0.428597191,0.443185955,0.356,0.45727,0.041310785,0.063031944,0.061,0.057069719,0.07267,0.005993505,0.279689211,0.27102,0.252,0.325766057,0.029636654,2017,2017,2015,2019,1.58113883
Zimbabwe,134.8,138,115,146,12.51798706,4.01,3.88,3.66,4.61,0.4,0.344051307,0.357,0.271,0.375846535,0.041944239,1.007727182,1.083095908,0.71478,1.114,0.166479765,0.274402751,0.248,0.1595,0.433,0.1103658,0.323256841,0.336384207,0.25429,0.406,0.06591461,0.089997076,0.089,0.08079,0.099,0.007300534,0.169408699,0.18503,0.132,0.18987,0.026412322,2017,2017,2015,2019,1.58113883
Botswana,140.2,142,128,148,8.01249025,3.83,3.77,3.49,4.33,0.34,1.053580831,1.041,0.99355,1.122094154,0.053500013,1.107410999,1.145,0.89186,1.221554995,0.127814114,0.338407102,0.34752,0.04776,0.538,0.180682154,0.490607267,0.49495,0.44089,0.557,0.045769475,0.10460264,0.1,0.092,0.12474,0.012562738,0.07904169,0.099348448,0.025,0.12425,0.043018848,2017,2017,2015,2019,1.58113883
Haiti,139,145,119,148,12.1449578,3.87,3.6,3.58,4.52,0.41,0.322862053,0.323,0.26673,0.368610263,0.037528105,0.616215964,0.688,0.29561,0.74302,0.183145702,0.335746226,0.289,0.27494,0.449,0.078902332,0.089267971,0.030369857,0.025,0.24425,0.095669817,0.12607643,0.11,0.09987215,0.17175,0.031095158,0.448330756,0.46187,0.392,0.489203781,0.041424262,2017,2017,2015,2019,1.58113883
Madagascar,145,144,143,148,2.34520788,3.75,3.7,3.64,3.93,0.12,0.265917739,0.274,0.20824,0.305808693,0.036000859,0.773236074,0.908,0.46115,0.916,0.204054373,0.434104662,0.402,0.37109,0.555,0.077749947,0.177375353,0.189196765,0.13684,0.221,0.03448952,0.062706395,0.067231975,0.041,0.08124,0.017143656,0.193292506,0.20873253,0.155,0.2204,0.029288025,2017,2017,2015,2019,1.58113883
Chad,138.6,137,131,149,7.765307463,4,3.94,3.67,4.35,0.31,0.382016597,0.358,0.34193,0.438012987,0.044593379,0.803851174,0.766,0.63178,0.953855872,0.128502164,0.094894943,0.053,0.03824,0.192,0.071295374,0.177684405,0.174,0.12807,0.23501,0.039130612,0.058758376,0.053581882,0.04952,0.078,0.01140998,0.19312877,0.18667,0.181,0.21611385,0.014376854,2017,2017,2015,2019,1.58113883
Liberia,140.8,148,116,150,14.30734077,3.84,3.62,3.5,4.57,0.45,0.089260359,0.076,0.0712,0.119041793,0.022193321,0.789065587,0.858,0.50353,0.922,0.166472335,0.302715639,0.267,0.229918197,0.443,0.09062167,0.332934236,0.332881182,0.25748,0.419,0.064696598,0.04255765,0.038948249,0.03,0.06232,0.013116508,0.237959977,0.24063,0.206,0.266549885,0.02180934,2017,2017,2015,2019,1.58113883
Malawi,139.2,136,131,150,8.757853618,3.88,3.97,3.41,4.29,0.37,0.142714408,0.186,0.01604,0.233442038,0.088849767,0.434381766,0.512568831,0.147,0.56,0.170572425,0.327069917,0.306,0.22562,0.495,0.10024673,0.457150931,0.443,0.4143,0.531,0.045534624,0.077424331,0.07564,0.06977,0.089,0.007493533,0.271226094,0.28717047,0.21,0.33128,0.054591779,2017,2017,2015,2019,1.58113883
Guinea,141.6,149,118,151,13.90323703,3.85,3.66,3.51,4.53,0.42,0.273373986,0.24454993,0.17417,0.38,0.085808506,0.637578937,0.791244686,0.3109,0.829,0.234888282,0.241701828,0.211,0.18829,0.375,0.077184174,0.352273503,0.348587513,0.30953,0.394,0.033972542,0.106305524,0.110937618,0.086,0.12139,0.015644531,0.248505018,0.264815092,0.185,0.29914,0.050085968,2017,2017,2015,2019,1.58113883
Ivory Coast,124.8,128,99,151,21.68409555,4.27,4.18,3.66,4.94,0.53,0.546691784,0.55507,0.46534,0.603048921,0.050976679,0.786338006,0.808,0.57576,0.90478003,0.128850208,0.111450434,0.08,0.04476,0.232,0.079915494,0.428399239,0.447706193,0.352,0.46866,0.049483456,0.131516355,0.130061775,0.09,0.17922,0.036674942,0.181253494,0.20123747,0.146,0.20338,0.028681531,2017,2017,2015,2019,1.58113883
Burkina Faso,133.4,134,115,152,15.5980768,4.07,4.03,3.59,4.59,0.43,0.314659543,0.31995,0.25812,0.350227714,0.034486407,0.935740001,1.043280005,0.63054,1.097,0.195071556,0.266812852,0.254,0.21297,0.38,0.067992717,0.32399957,0.324367851,0.255,0.39493,0.050075668,0.122995621,0.12533,0.113,0.12832,0.006439531,0.212772937,0.21747,0.175,0.250864685,0.035796433,2017,2017,2015,2019,1.58113883
Yemen,146.4,147,136,152,6.348228099,3.63,3.59,3.36,4.08,0.29,0.489312689,0.54649,0.287,0.591683447,0.127506719,0.865448449,0.935382247,0.47493,1.163,0.284190528,0.365440183,0.343,0.310080916,0.463,0.065851684,0.244174744,0.244,0.143,0.35571,0.075736242,0.067045485,0.064,0.056767423,0.07854,0.010150779,0.096929042,0.09821,0.083,0.108,0.010019776,2017,2017,2015,2019,1.58113883
Tanzania,150.8,153,146,153,3.193743885,3.47,3.35,3.23,3.78,0.24,0.439777175,0.47155,0.2852,0.511135876,0.088796829,0.939379961,0.991,0.77623,1.041989803,0.108138098,0.396731857,0.381,0.357,0.499,0.058171749,0.386879556,0.390017778,0.3176,0.481,0.066990602,0.083699021,0.066035107,0.05099,0.147,0.03954044,0.311749272,0.31472,0.27,0.354256362,0.038281905,2017,2017,2015,2019,1.58113883
Afghanistan,149.4,153,141,154,6.024948133,3.51,3.58,3.2,3.79,0.23,0.357113444,0.35,0.31982,0.401477218,0.034179979,0.409752665,0.517,0.11037,0.581543326,0.198912083,0.254707356,0.255,0.17344,0.361,0.080216689,0.117923904,0.10617952,0,0.23414,0.087728109,0.058093566,0.06115783,0.025,0.09719,0.028683264,0.267730187,0.311870933,0.158,0.3651,0.088569192,2017,2017,2015,2019,1.58113883
Rwanda,152,152,151,154,1.224744871,3.44,3.47,3.33,3.52,0.07,0.322057179,0.332,0.22208,0.368745893,0.058480553,0.788453405,0.7737,0.61586,0.945707023,0.134443433,0.417542961,0.4,0.31865,0.614,0.119487032,0.581610771,0.581843853,0.5432,0.636,0.036228121,0.473468003,0.455220014,0.411,0.55191,0.055372161,0.226311206,0.22628,0.2,0.252756029,0.019768091,2017,2017,2015,2019,1.58113883
Benin,137.8,143,102,155,21.44061566,3.9,3.66,3.34,4.88,0.63,0.376745082,0.393,0.28665,0.431085408,0.054010807,0.340469969,0.372,0.10419,0.437,0.137215534,0.275262042,0.24,0.209930211,0.397,0.081357579,0.419386555,0.425962776,0.349,0.4845,0.050355049,0.071367803,0.067,0.060929015,0.082,0.009193944,0.186069692,0.1826,0.163,0.207948461,0.018660859,2017,2017,2015,2019,1.58113883
Central African Republic,153.25,155,148,155,3.5,3.13,3.08,2.69,3.68,0.41,0.032125,0.025,0,0.0785,0.033096765,0,0,0,0,0,0.050190671,0.042881343,0.01,0.105,0.044304476,0.322408011,0.287921023,0.225,0.48879,0.115662403,0.053113769,0.047282538,0.035,0.08289,0.022023246,0.243056622,0.236675,0.218,0.280876487,0.026740967,2017.25,2017.5,2015,2019,1.707825128
South Sudan,150,150.5,143,156,6.055300708,3.38,3.42,2.85,3.83,0.43,0.358547156,0.36547,0.306,0.397248626,0.044631606,0.492378282,0.588161564,0.18519,0.608,0.205287075,0.198324001,0.170243002,0.15781,0.295,0.064951346,0.116420609,0.129531218,0.01,0.19662,0.078984707,0.110985878,0.111396757,0.091,0.13015,0.016586003,0.242665204,0.241495,0.202,0.285670817,0.037049653,2017.5,2017.5,2016,2019,1.290994449
Syria,152.6,152,149,156,3.286335345,3.29,3.46,3.01,3.46,0.23,0.699108627,0.689,0.619,0.777153134,0.063662724,0.355930521,0.382,0.14866,0.47489,0.122365133,0.566280668,0.539,0.44,0.72193,0.11101011,0.081699889,0.081539445,0.013,0.15684,0.051389887,0.159547426,0.151347131,0.141,0.18906,0.020538747,0.431284746,0.47179,0.331,0.493663728,0.073179544,2017,2017,2015,2019,1.58113883
Burundi,153.8,156,145,157,5.069516742,3.08,2.91,2.9,3.78,0.39,0.062446514,0.06831,0.0153,0.091622569,0.032381344,0.470816717,0.447,0.23442,0.629793584,0.165179181,0.211608158,0.15747,0.145,0.38,0.099342402,0.101320151,0.065,0.0432,0.22,0.072098415,0.106991589,0.09419,0.076,0.18,0.041883817,0.185921037,0.19727,0.149,0.204435185,0.023566118,2017,2017,2015,2019,1.58113883
Togo,148.2,150,139,158,8.871302046,3.54,3.49,2.84,4.09,0.51,0.265870943,0.275,0.20868,0.305444717,0.036067082,0.323566506,0.43188253,0,0.572,0.242121923,0.288529114,0.253,0.247105569,0.41,0.069613059,0.363747228,0.36453,0.293,0.434,0.05125258,0.100969003,0.101,0.085,0.11587,0.011676796,0.17477523,0.17517,0.158,0.196896151,0.014485284,2017,2017,2015,2019,1.58113883
