Country,Happy,Economy,Family,Health,Freedom,Generous,Trust ,Year
Afghanistan,3.982854605,7.500538826,0.528597236,53.20000076,0.388927579,0.089090675,0.880638301,2015
Afghanistan,4.220168591,7.497038364,0.559071779,53,0.522566199,0.051364917,0.793245554,2016
Afghanistan,2.66171813,7.497754574,0.490880072,52.79999924,0.427010864,-0.112198286,0.954392552,2017
Afghanistan,2.694303274,7.494587898,0.507515848,52.59999847,0.373535544,-0.084887877,0.927605689,2018
Afghanistan,2.566900015,7.462860584,0.470366955,52.59000015,0.396573007,-0.0964294,0.933686554,2019
Albania,4.606650829,9.302960396,0.639356136,67.80000305,0.703850687,-0.084411353,0.884793043,2015
Albania,4.511100769,9.337532043,0.638411462,68.09999847,0.72981894,-0.020687405,0.901070774,2016
Albania,4.639548302,9.376145363,0.637698293,68.40000153,0.74961102,-0.032642815,0.876134634,2017
Albania,5.004402637,9.412399292,0.683591664,68.69999695,0.824212313,0.005384951,0.899129391,2018
Albania,4.882699966,9.417930603,0.671070457,68.70813751,0.781994224,-0.042309489,0.896303713,2019
Algeria,5.340853691,9.541166306,0.748588264,65.5,,,,2016
Algeria,5.248912334,9.540638924,0.806753874,65.69999695,0.436670482,-0.191522107,0.699774206,2017
Algeria,5.043086052,9.557951927,0.798651338,65.90000153,0.58338058,-0.172413006,0.758704126,2018
Algeria,5.005099773,9.537964821,0.803385139,65.90517426,0.466610909,-0.121105164,0.735485137,2019
Argentina,6.69713068,9.858328819,0.926492274,68.19999695,0.881223679,-0.170244098,0.850906193,2015
Argentina,6.427221298,9.830087662,0.882819116,68.40000153,0.847702205,-0.188303813,0.850924492,2016
Argentina,6.039330006,9.848709106,0.906699121,68.59999847,0.831966162,-0.182599917,0.841052473,2017
Argentina,5.792796612,9.809971809,0.899911582,68.80000305,0.845894694,-0.206936628,0.855255246,2018
Argentina,5.974699974,9.810955048,0.900567949,68.80380249,0.831132412,-0.194913864,0.842009842,2019
Armenia,4.34831953,9.011393547,0.722551048,66,0.551026642,-0.189388379,0.901462197,2015
Armenia,4.325471878,9.010698318,0.709218323,66.30000305,0.610986948,-0.157248631,0.921421051,2016
Armenia,4.287736416,9.081094742,0.697924912,66.59999847,0.613697052,-0.133957878,0.86468333,2017
Armenia,5.062448502,9.119423866,0.814449012,66.90000153,0.807643652,-0.149108693,0.676826358,2018
Armenia,4.676799774,9.100476265,0.757479429,66.75065613,0.712017834,-0.13877961,0.773544788,2019
Australia,7.309060574,10.6901989,0.95186156,72.69999695,0.921871006,0.323258132,0.356554389,2015
Australia,7.250080109,10.7030983,0.942334235,73,0.922315717,0.229792744,0.398545116,2016
Australia,7.25703764,10.70658112,0.949957848,73.30000305,0.910550177,0.308772951,0.411346525,2017
Australia,7.17699337,10.7210207,0.940137267,73.59999847,0.916028142,0.137795404,0.404647499,2018
Australia,7.222799778,10.72059631,0.944854617,73.60453796,0.915431738,0.19046016,0.41516912,2019
Austria,7.07644701,10.69885254,0.928110301,72.09999847,0.900305152,0.09687189,0.55747962,2015
Austria,7.048071861,10.70244312,0.926318586,72.40000153,0.888513982,0.078159958,0.52364099,2016
Austria,7.293727875,10.72407532,0.906217813,72.69999695,0.890030563,0.131114438,0.518303812,2017
Austria,7.396001816,10.74189281,0.911668122,73,0.904111981,0.051552333,0.52306056,2018
Austria,7.294199944,10.7428236,0.928045869,73.00250244,0.899989486,0.085429221,0.499954879,2019
Azerbaijan,5.146774769,9.723095894,0.785702765,64.59999847,0.764289498,-0.218101621,0.615552545,2015
Azerbaijan,5.303894997,9.680426598,0.777271032,64.90000153,0.712573171,-0.22437793,0.606770813,2016
Azerbaijan,5.152279377,9.670762062,0.787039399,65.19999695,0.731030464,-0.245215878,0.652539015,2017
Azerbaijan,5.167995453,9.678013802,0.781229913,65.5,0.772449255,-0.251795292,0.561206281,2018
Azerbaijan,5.164800167,9.687726974,0.819308281,65.50839996,0.786824107,-0.240255281,0.55253756,2019
Bahrain,6.00737524,10.69027233,0.852550745,67.69999695,0.84952116,0.10379605,,2015
Bahrain,6.169673443,10.68379784,0.862700105,68.09999847,0.888691068,0.080128744,,2016
Bahrain,6.227320671,10.67569351,0.875747144,68.5,0.905858517,0.128193483,,2017
Bahrain,6.227300167,10.67638016,0.876342118,68.5,0.905855775,0.13372919,0.7393471,2019
Bangladesh,4.633473873,8.049608231,0.601468265,62.79999924,0.814796269,-0.063412555,0.720600903,2015
Bangladesh,4.5561409,8.107524872,0.649116933,63.29999924,0.874700487,-0.083881758,0.687853634,2016
Bangladesh,4.309771061,8.167346954,0.712552786,63.79999924,0.896217167,0.016269062,0.635014474,2017
Bangladesh,4.499217033,8.22074604,0.705556035,64.30000305,0.90147084,-0.038008336,0.701421201,2018
Bangladesh,4.832799911,8.287063599,0.687292993,64.50306702,0.90062499,-0.033664726,0.661843538,2019
Belarus,5.718907833,9.75438118,0.924072623,65.19999695,0.622753441,-0.099120751,0.668678164,2015
Belarus,5.177899361,9.727537155,0.926551104,65.5,0.658228815,-0.133187562,0.664055169,2016
Belarus,5.552915096,9.750800133,0.900255799,65.80000305,0.620979249,-0.129172564,0.654113412,2017
Belarus,5.233769894,9.778738976,0.904569268,66.09999847,0.643602371,-0.181864843,0.718455493,2018
Belarus,5.539899826,9.779945374,0.90674746,66.10433197,0.639163077,-0.164926544,0.63571167,2019
Belgium,6.904219151,10.63845348,0.885208845,71.40000153,0.869474947,0.059581742,0.46878463,2015
Belgium,6.948936462,10.64741421,0.928964078,71.59999847,0.865759015,-0.058440432,0.4966591,2016
Belgium,6.928347588,10.66098404,0.921639085,71.80000305,0.856801987,0.051760148,0.543046057,2017
Belgium,6.89217186,10.6724453,0.929815531,72,0.808386624,-0.127278343,0.630411804,2018
Belgium,6.863500118,10.6736393,0.911632538,72.00164795,0.813582063,-0.078691199,0.612297952,2019
Benin,3.624664307,7.594452858,0.434388518,53.09999847,0.733383596,-0.003976707,0.850098193,2015
Benin,4.007357597,7.605700016,0.492815852,53.5,0.779795229,-0.042874601,0.837715745,2016
Benin,4.853180885,7.63251543,0.435878992,53.90000153,0.72680825,-0.042811081,0.767234623,2017
Benin,5.81982708,7.663907051,0.503544033,54.29999924,0.713264048,0.024661165,0.746510744,2018
Benin,5.21600008,7.674319744,0.468671143,54.31246567,0.735182583,-0.003537213,0.740532577,2019
Bhutan,5.082128525,8.954587936,0.847574413,60.20000076,0.83010155,0.28663519,0.633955777,2015
Bolivia,5.834329128,8.784395218,0.828705788,62.70000076,0.88362509,-0.024297828,0.862373948,2015
Bolivia,5.769723415,8.811049461,0.795958757,63,0.881748736,-0.041593142,0.852592945,2016
Bolivia,5.65055275,8.837221146,0.778661788,63.29999924,0.883904934,-0.115274936,0.819261968,2017
Bolivia,5.915734291,8.860530853,0.827159464,63.59999847,0.863246858,-0.08756835,0.786044598,2018
Bolivia,5.747499943,8.851115227,0.803108692,63.6004715,0.875873327,-0.09168113,0.822606206,2019
Bosnia and Herzegovina,5.117177963,9.299491882,0.655723631,66.90000153,0.630698025,-0.054061137,0.959853649,2015
Bosnia and Herzegovina,5.180865288,9.335877419,0.807705104,67.19999695,0.633453727,0.134780556,0.957311988,2016
Bosnia and Herzegovina,5.089902401,9.368531227,0.775295258,67.5,0.563798666,0.092498638,0.923343062,2017
Bosnia and Herzegovina,5.887401104,9.402726173,0.835889578,67.80000305,0.658846438,0.124626905,0.912857771,2018
Bosnia and Herzegovina,5.674099922,9.455817223,0.829204142,67.80813599,0.651352704,0.098274559,0.933769107,2019
Botswana,3.761964798,9.63931179,0.815656066,56.79999924,0.857168913,-0.121966846,0.860292971,2015
Botswana,3.498936653,9.663145065,0.768302798,57.5,0.851694882,-0.258511871,0.729171813,2016
Botswana,3.504881144,9.668231964,0.768258631,58.20000076,0.817308009,-0.253493279,0.731441498,2017
Botswana,3.4613657,9.680226326,0.794936001,58.90000153,0.817621112,-0.259084016,0.806945443,2018
Botswana,3.478899956,9.711203575,0.779121757,58.92445374,0.821328104,-0.250394493,0.777930915,2019
Brazil,6.546896935,9.595779419,0.906693101,65.80000305,0.798935294,-0.025475523,0.771339059,2015
Brazil,6.374817371,9.552306175,0.912455142,66,0.806571543,-0.10995803,0.781092763,2016
Brazil,6.332929134,9.554174423,0.904694259,66.19999695,0.764792562,-0.184547558,0.794457376,2017
Brazil,6.190921783,9.557932854,0.881505251,66.40000153,0.75060904,-0.126326516,0.763251305,2018
Brazil,6.375599861,9.56643486,0.896723807,66.48016357,0.799804807,-0.101812392,0.770601273,2019
Bulgaria,4.865401268,9.740979195,0.907517016,66.19999695,0.636817813,-0.201748475,0.941279948,2015
Bulgaria,4.837560654,9.786646843,0.92603606,66.40000153,0.700265527,-0.172343537,0.935988188,2016
Bulgaria,5.096901894,9.828942299,0.94175458,66.59999847,0.689047039,-0.156459168,0.910799742,2017
Bulgaria,5.098813534,9.873218536,0.923853278,66.80000305,0.724335909,-0.179109603,0.952014446,2018
Bulgaria,5.101500034,9.869318962,0.937840343,66.80397797,0.745178163,-0.143908441,0.935585141,2019
Burkina Faso,4.418930054,7.375465393,0.705393493,52.40000153,0.659102738,0.012528297,0.692723989,2015
Burkina Faso,4.205634594,7.403866291,0.764401138,52.90000153,0.644681513,0.00834989,0.720542431,2016
Burkina Faso,4.646891117,7.440206528,0.784761369,53.40000153,0.613774717,-0.054843456,0.727451324,2017
Burkina Faso,4.92723608,7.47052002,0.664859474,53.90000153,0.720743477,-0.004381241,0.757398605,2018
Burkina Faso,4.768700123,7.46854496,0.712943614,53.88945389,0.665563583,-0.019080516,0.739795029,2019
Burundi,3.775283098,6.541032791,0.484715223,53.40000153,0.646398604,-0.019334173,0.598607659,2018
Burundi,3.775300026,6.492642403,0.490325719,53.40000153,0.626350224,-0.017551597,0.606934547,2019
Cambodia,4.162164688,8.098932266,0.728610277,60.40000153,0.956319809,0.208363369,0.825130224,2015
Cambodia,4.461259365,8.150504112,0.745901227,60.79999924,0.957821488,0.074233428,0.840416849,2016
Cambodia,4.585842133,8.201130867,0.765094936,61.20000076,0.963774681,0.085995324,0.821022928,2017
Cambodia,5.121837616,8.253352165,0.794605374,61.59999847,0.958304822,0.033786766,,2018
Cambodia,4.848400116,8.249890327,0.773080647,61.52996826,0.959704638,0.051911179,0.822769046,2019
Cameroon,5.037964821,8.098358154,0.646312475,50.29999924,0.791428566,0.045905765,0.868049026,2015
Cameroon,4.816232204,8.115765572,0.659299791,51.09999847,0.71250701,-0.006847957,0.87945056,2016
Cameroon,5.07405138,8.121161461,0.69459641,51.90000153,0.766945004,-0.031570964,0.84358561,2017
Cameroon,5.250737667,8.133470535,0.676825225,52.70000076,0.816304982,0.032506917,0.884441614,2018
Cameroon,5.084899902,8.118647575,0.700386405,52.7049408,0.763051808,-0.00149645,0.851336598,2019
Canada,7.412772655,10.67242527,0.939067066,73,0.931468964,0.245131716,0.427152246,2015
Canada,7.244845867,10.67448139,0.924392521,73.19999695,0.912423909,0.203222767,0.385090441,2016
Canada,7.414868355,10.69234467,0.93374896,73.40000153,0.945145011,0.155016169,0.362034321,2017
Canada,7.175496578,10.70124817,0.922718763,73.59999847,0.9457829,0.097966127,0.371740848,2018
Canada,7.23210001,10.69236851,0.927176654,73.60160065,0.933913231,0.124770768,0.390843362,2019
Central African Republic,2.693061113,6.465948105,0.29018417,44.90000153,0.624056518,0.053440392,0.859073043,2016
Central African Republic,3.475862026,6.494116783,0.319589138,45.20000076,0.645252347,0.093754359,0.889566004,2017
Central African Republic,3.475899935,6.625160217,0.319459856,45.20000076,0.640880644,0.082410358,0.891806662,2019
Chad,4.322675228,7.63390255,0.751252234,46.70000076,0.474360883,-0.041869577,0.88863939,2015
Chad,4.029350281,7.538164139,0.616204858,47.20000076,0.525222123,0.039116725,0.819788873,2016
Chad,4.558937073,7.477691174,0.660615563,47.70000076,0.614849687,-0.004919504,0.792389929,2017
Chad,4.486325264,7.472574711,0.57725358,48.20000076,0.650354564,0.011340086,0.762879312,2018
Chad,4.422699928,7.467963696,0.632388055,48.22053909,0.587305248,0.017834719,0.802760839,2019
Chile,6.532749653,10.0220089,0.827141881,69.59999847,0.76888144,0.03110862,0.811511338,2015
Chile,6.579056263,10.02634144,0.841388166,69.69999695,0.652289748,0.09289977,0.858124971,2016
Chile,6.320119381,10.03306866,0.879840791,69.80000305,0.790116489,-0.030261263,0.835987508,2017
Chile,6.436220646,10.06591988,0.890084922,69.90000153,0.78853035,-0.070615843,0.816297412,2018
Chile,6.228499889,10.0320549,0.879713595,69.90061951,0.744896293,-0.065668367,0.838239431,2019
China,5.303877831,9.515608788,0.793733716,68.40000153,,-0.260586292,,2015
China,5.32495594,9.575044632,0.741703033,68.69999695,,-0.243756711,,2016
China,5.099061489,9.636177063,0.772033215,69,0.877617598,-0.191224813,,2017
China,5.131433964,9.694375992,0.787605345,69.30000305,0.895377696,-0.174899161,,2018
China,5.123899937,9.688568115,0.798760593,69.2891922,0.898517907,-0.18142575,0.7539711,2019
Colombia,6.387571812,9.471579552,0.889900029,66.80000305,0.790897965,-0.104796246,0.842899323,2015
Colombia,6.233715057,9.483036041,0.88190037,67.09999847,0.834966123,-0.105361171,0.897553861,2016
Colombia,6.157341957,9.492126465,0.909249961,67.40000153,0.837554634,-0.162942991,0.87501812,2017
Colombia,5.983512402,9.511734009,0.870970428,67.69999695,0.850765765,-0.155047998,0.854820907,2018
Colombia,6.163400173,9.500369072,0.884440243,67.69958496,0.836179912,-0.161235645,0.86457181,2019
Comoros,3.972819567,7.260142326,0.621302962,57.20000076,0.560182333,0.136247516,0.793758333,2018
Comoros,4.288599968,7.833630085,0.625662446,57.34901047,0.547612607,0.090008408,0.780622602,2019
Congo (Brazzaville),4.690830231,8.620271683,0.642136157,56.09999847,0.85017246,-0.139432788,0.841359496,2015
Congo (Brazzaville),4.119493484,8.566148758,0.615449011,56.70000076,0.785906553,-0.107046716,0.790385723,2016
Congo (Brazzaville),4.883991241,8.493188858,0.655440509,57.29999924,0.777783453,-0.163537174,0.76278311,2017
Congo (Brazzaville),5.490214348,8.473278999,0.620622933,57.90000153,0.69870007,-0.124500982,0.738020182,2018
Congo (Brazzaville),5.194399834,8.536987305,0.640228093,57.92448044,0.719058514,-0.123674095,0.751779079,2019
Congo (Kinshasa),3.902741671,6.699996948,0.767235577,52.09999847,0.573763788,-0.03092446,0.866378009,2015
Congo (Kinshasa),4.521935463,6.69092226,0.864154518,52.5,0.637366712,-0.007709844,0.874999642,2016
Congo (Kinshasa),4.311033249,6.694726944,0.669688404,52.90000153,0.704239547,0.085066363,0.809181869,2017
Congo (Kinshasa),4.31099987,6.694256306,0.672159016,52.90000153,0.700793564,0.083637655,0.809403598,2019
Costa Rica,6.854004383,9.598225594,0.878272951,70.69999695,0.906925678,-0.056339074,0.761419415,2015
Costa Rica,7.135617733,9.628722191,0.900701284,70.90000153,0.872971952,-0.029768212,0.780562043,2016
Costa Rica,7.22518158,9.650206566,0.92169714,71.09999847,0.93561846,-0.073179178,0.742350757,2017
Costa Rica,7.141074657,9.669425964,0.875872433,71.30000305,0.941888332,-0.104196012,0.781301796,2018
Costa Rica,7.121399879,9.658156395,0.901545942,71.29985046,0.934738934,-0.10242971,0.786332428,2019
Croatia,5.205438137,9.951515198,0.768363416,68.40000153,0.693523049,-0.098292612,0.848545551,2015
Croatia,5.416875362,9.98966217,0.798332155,69,0.671970546,-0.06632413,0.884059787,2016
Croatia,5.343165874,10.02878857,0.770309687,69.59999847,0.715822279,-0.105906412,0.89155972,2017
Croatia,5.536271095,10.06575108,0.909806848,70.19999695,0.690855622,-0.15252924,0.925408304,2018
Croatia,5.504700184,10.07087517,0.874623716,70.21490479,0.714838803,-0.128538325,0.916495264,2019
Cyprus,5.439161301,10.32709026,0.769556105,73.09999847,0.62803483,0.108338967,0.892795146,2015
Cyprus,5.794618607,10.35237598,0.786438465,73.30000305,0.756220996,-0.033245489,0.897639513,2016
Cyprus,6.062051296,10.3863802,0.818671048,73.5,0.811670661,0.040062714,0.851206422,2017
Cyprus,6.276443005,,0.825573206,73.69999695,0.794215024,,0.848337233,2018
Cyprus,6.15899992,10.40570259,0.805996239,73.70222473,0.779858291,0.043731496,0.856271744,2019
Czech Republic,6.608017445,10.32893276,0.911362588,68.80000305,0.808484197,-0.147829607,0.886467457,2015
Czech Republic,6.735627174,10.3526144,0.930592895,69.30000305,0.850328267,-0.199620038,0.900430739,2016
Czech Republic,6.789567947,10.39224911,0.900968969,69.80000305,0.8317855,-0.178765178,0.866524994,2017
Czech Republic,7.034165382,10.41947365,0.929163933,70.30000305,0.790132403,-0.294359624,0.851382256,2018
Czech Republic,6.910900116,10.40416336,0.914430678,70.04793549,0.818537354,-0.230861515,0.85844624,2019
Denmark,7.514424801,10.72455978,0.9597013,71.5,0.94143641,0.217952549,0.191016391,2015
Denmark,7.55778265,10.73620605,0.954451501,71.80000305,0.948230565,0.134531945,0.209893376,2016
Denmark,7.593702316,10.75112534,0.952100098,72.09999847,0.955416322,0.152028441,0.18114756,2017
Denmark,7.648785591,10.75559425,0.958218873,72.40000153,0.935437799,0.015592853,0.150607437,2018
Denmark,7.645599842,10.77400112,0.955990791,72.40250397,0.951444268,0.066201776,0.168489456,2019
Dominican Republic,5.061862469,9.502705574,0.893197775,64.90000153,0.856025338,-0.067105874,0.755288184,2015
Dominican Republic,5.238698483,9.555362701,0.894753456,65.19999695,0.872712433,-0.081975199,0.737182975,2016
Dominican Republic,5.605202675,9.588835716,0.894368112,65.5,0.855359018,-0.123324633,0.760489643,2017
Dominican Republic,5.433215618,9.626997948,0.861986339,65.80000305,0.866641581,-0.150951296,0.76227355,2018
Dominican Republic,5.689199924,9.664880753,0.882085383,65.80748749,0.866202772,-0.131263286,0.755999923,2019
Ecuador,5.964075089,9.282580376,0.855889201,67.59999847,0.800870478,-0.117339171,0.665827513,2015
Ecuador,6.115437508,9.251891136,0.842352092,67.90000153,0.846336305,-0.018464431,0.774084151,2016
Ecuador,5.839518547,9.266903877,0.848941743,68.19999695,0.879128158,-0.170977935,0.733588755,2017
Ecuador,6.128010273,9.27445507,0.851345003,68.5,0.869363725,-0.104021087,0.830743194,2018
Ecuador,5.925199986,9.246058464,0.836418986,68.50003815,0.859828949,-0.127014965,0.801215112,2019
Egypt,4.762538433,9.219856262,0.729744256,60.79999924,0.659261465,-0.095742442,0.684498072,2015
Egypt,4.556740761,9.242236137,0.809218585,61.09999847,0.655845225,-0.148785099,0.817527413,2016
Egypt,3.929344177,9.263900757,0.63822639,61.40000153,0.592504799,-0.159880474,,2017
Egypt,4.005450726,9.293959618,0.75882405,61.70000076,0.681654453,-0.222929537,,2018
Egypt,4.151400089,9.316541672,0.735447824,61.78015137,0.708354175,-0.196878314,0.787726879,2019
El Salvador,6.018496037,8.856460571,0.790755391,65.19999695,0.733355939,-0.154915765,0.80454427,2015
El Salvador,6.139824867,8.876843452,0.793659985,65.5,0.799847007,-0.183699355,0.797312021,2016
El Salvador,6.339318275,8.8945961,0.82895261,65.80000305,0.757827342,-0.170792967,0.777748585,2017
El Salvador,6.276246071,8.911958694,0.823999166,66.09999847,0.863207281,-0.096786909,0.826600015,2018
El Salvador,6.34829998,8.909075737,0.806092262,66.10826111,0.833805263,-0.121072978,0.754319906,2019
Estonia,5.628908634,10.22374249,0.917929649,68,0.814692378,-0.16834341,0.568734467,2015
Estonia,5.649675369,10.24387455,0.937715113,68.19999695,0.842770696,-0.153377563,0.639085293,2016
Estonia,5.938395977,10.29150963,0.93568635,68.40000153,0.861749232,-0.104597919,0.668402255,2017
Estonia,6.091302395,10.32410717,0.932693779,68.59999847,0.885618389,-0.144664913,0.620677948,2018
Estonia,6.021800041,10.34001732,0.934729993,68.60495758,0.87770915,-0.111697771,0.623073816,2019
Ethiopia,4.573154926,7.335052013,0.625596821,57,0.802642584,0.118701845,0.56702733,2015
Ethiopia,4.297848701,7.382928848,0.718718708,57.5,0.744307697,0.04536299,0.702880859,2016
Ethiopia,4.180315495,7.455834389,0.73353976,58,0.717101216,0.007518843,0.75689894,2017
Ethiopia,4.379262447,7.524516582,0.740154505,58.5,0.740343094,0.043273505,0.799466252,2018
Ethiopia,4.186200142,7.509385586,0.743307352,58.63959122,0.740795195,0.043377332,0.753690004,2019
Finland,7.447925568,10.56982231,0.947800577,71.59999847,0.929861903,0.10706687,0.223369658,2015
Finland,7.659843445,10.58807755,0.953940451,71.69999695,0.948372185,-0.030627485,0.249659568,2016
Finland,7.788251877,10.61117172,0.963826418,71.80000305,0.962198973,-0.005695975,0.192412779,2017
Finland,7.85810709,10.63605976,0.962155044,71.90000153,0.937807381,-0.131735161,0.198604837,2018
Finland,7.808700085,10.63926697,0.954329729,71.9008255,0.949172199,-0.059482019,0.195444584,2019
France,6.357625008,10.53917408,0.895719409,73.19999695,0.817036211,-0.143634379,0.640602052,2015
France,6.475208759,10.54698849,0.884922922,73.40000153,0.786780477,-0.095642865,0.622697055,2016
France,6.635222435,10.56115437,0.931494594,73.59999847,0.83389014,-0.127377018,0.601486027,2017
France,6.665903568,10.57335186,0.921463072,73.80000305,0.816377223,-0.141567126,0.581775308,2018
France,6.663799763,10.58422279,0.937103748,73.80193329,0.825467646,-0.130641967,0.583521128,2019
Gabon,4.66101265,9.731321335,0.755861998,58.20000076,0.671300709,-0.21146743,0.86677748,2015
Gabon,4.831764221,9.726552963,0.780048966,58.70000076,0.698942363,-0.222279608,0.816563547,2016
Gabon,4.782382965,9.714891434,0.806941152,59.20000076,0.652359545,-0.247073993,0.868305504,2017
Gabon,4.783009052,9.718316078,0.78482759,59.70000076,0.719135404,-0.217487514,0.82286346,2018
Gabon,4.829299927,9.680537224,0.787886858,59.71533966,0.704829216,-0.222261623,0.849150956,2019
Gambia,4.117938995,7.353572845,0.697001517,54.70000076,0.812325835,0.126379773,0.571615577,2017
Gambia,4.922099113,7.376553535,0.684799969,55,0.718728781,,0.691069543,2018
Gambia,4.750599861,7.321814537,0.6931687,55.0120163,0.733163178,0.343198717,0.690717816,2019
Georgia,4.121940613,9.107768059,0.517371595,65.09999847,0.639944971,-0.191066504,0.50241679,2015
Georgia,4.448386192,9.135268211,0.533412278,64.90000153,0.606468379,-0.235489741,0.560924053,2016
Georgia,4.45077467,9.18451786,0.590495169,64.69999695,0.820908785,-0.230505854,0.589631975,2017
Georgia,4.659097195,9.229100227,0.617218554,64.5,0.7751441,-0.219247594,0.754853785,2018
Georgia,4.672599792,9.226100922,0.629033029,64.49520874,0.801641524,-0.22892037,0.665944695,2019
Germany,7.037137508,10.69053364,0.925923228,71.30000305,0.889428854,0.173545972,0.412168294,2015
Germany,6.873763084,10.70171165,0.906029284,71.59999847,0.870515049,0.144377634,0.445922136,2016
Germany,7.074324608,10.71949959,0.892166078,71.90000153,0.840727866,0.141375408,0.414021194,2017
Germany,7.118364334,10.73094463,0.919763148,72.19999695,0.8768875,0.030199649,0.495673954,2018
Germany,7.075799942,10.7328186,0.898874462,72.20201874,0.867371082,0.080179386,0.456422031,2019
Ghana,3.985916138,8.275556564,0.687448561,56,0.852016151,-0.033512827,0.94543612,2015
Ghana,4.514411449,8.289732933,0.647303164,56.40000153,0.75116837,0.094167918,0.893955231,2016
Ghana,5.481310844,8.349396706,0.669111073,56.79999924,0.783046365,0.082861453,0.838609993,2017
Ghana,5.147999763,8.350645065,0.728601098,57.20398712,0.794796526,0.094170853,0.847964764,2019
Greece,5.622519016,10.09288025,0.834824681,71.80000305,0.531736314,-0.27328527,0.823959649,2015
Greece,5.302619457,10.09459305,0.802605867,72,0.481616855,-0.26143381,0.898470819,2016
Greece,5.14824152,10.10945988,0.752899528,72.19999695,0.438300014,-0.291227311,0.87223947,2017
Greece,5.40928936,10.13205814,0.793500781,72.40000153,0.564455688,-0.336384535,0.860302389,2018
Greece,5.514999866,10.13232613,0.814380348,72.40525818,0.541345119,-0.300907373,0.859931409,2019
Guatemala,6.464986801,8.894631386,0.822837472,63.90000153,0.868639767,0.049555305,0.821654916,2015
Guatemala,6.358916283,8.904984474,0.811235487,64.19999695,0.862675726,0.009652504,0.812030017,2016
Guatemala,6.325118542,8.912446976,0.826492071,64.5,0.914521694,-0.059932403,0.799747884,2017
Guatemala,6.626591682,8.923428535,0.841107249,64.80000305,0.909538031,-0.011167034,0.765454412,2018
Guatemala,6.398900032,8.924805641,0.816621482,64.8089447,0.908147573,-0.042938665,0.783237457,2019
Guinea,3.504693508,7.472111702,0.578859627,51.09999847,0.66595304,0.013805361,0.762152016,2015
Guinea,3.602854729,7.54667902,0.675447047,52.20000076,0.725685179,-0.049161837,0.802781165,2016
Guinea,4.873722553,7.600365162,0.634025574,53.29999924,0.738212824,0.046024639,0.750026226,2017
Guinea,5.25222683,7.633718014,0.630433142,54.40000153,0.731157243,0.100011282,0.778393805,2018
Guinea,4.949299812,7.750990391,0.637573481,54.46780014,0.706846774,0.076328471,0.761794448,2019
Haiti,3.569762468,7.409274578,0.56431967,55.09999847,0.398295492,0.305790871,0.777403951,2015
Haiti,3.352300167,7.411055088,0.58374244,55.29999924,0.303540409,0.291111082,0.838523149,2016
Haiti,3.823865652,7.410451412,0.646984994,55.5,0.484429151,0.380740523,0.647191584,2017
Haiti,3.614928007,7.416091919,0.537975907,55.70000076,0.591468394,0.420986384,0.720444739,2018
Haiti,3.720799923,7.411329269,0.593247831,55.59862518,0.537825167,0.40053457,0.684767246,2019
Honduras,4.845436573,8.370887756,0.772375524,66.59999847,0.534057677,-0.090287246,0.848082721,2015
Honduras,5.648154736,8.390897751,0.773909986,66.80000305,0.850046694,0.086563937,0.792875171,2016
Honduras,6.019985676,8.421077728,0.84335494,67,0.898377419,0.078603566,0.783429444,2017
Honduras,5.908423901,8.439203262,0.827067018,67.19999695,0.872161686,0.105728693,0.803564787,2018
Honduras,5.953199863,8.424534798,0.821870148,67.19876862,0.870603263,0.086969115,0.801131904,2019
Hong Kong S.A.R. of China,5.498420715,10.90435696,0.83207792,75.95350647,0.799743414,0.089243069,0.40281257,2016
Hong Kong S.A.R. of China,5.362474918,10.9340868,0.83106631,75.90731812,0.830657244,0.128979281,0.415810198,2017
Hong Kong S.A.R. of China,5.510399818,10.9346714,0.845969081,76.77170563,0.779833794,0.134979904,0.420607209,2019
Hungary,5.34438324,10.12800789,0.858733833,66.40000153,0.557721376,-0.204279527,0.907530308,2015
Hungary,5.448901653,10.15285015,0.899511576,66.80000305,0.55395174,-0.19341144,0.924185812,2016
Hungary,6.065038681,10.19531918,0.876747549,67.19999695,0.661165953,-0.145813331,0.886361301,2017
Hungary,6.000400066,10.24924374,0.921934128,67.60997009,0.718964577,-0.194323018,0.892916501,2019
Iceland,7.498070717,10.67007351,0.980283201,73,0.94048512,0.298925996,0.638661802,2015
Iceland,7.510034561,10.7283411,0.984940052,73,0.951609552,0.278244555,0.719299555,2016
Iceland,7.476213932,10.74684143,0.966752827,73,0.938783288,0.243323684,0.726845384,2017
Iceland,7.504499912,10.77255917,0.974669576,73,0.948891878,0.246944219,0.711709738,2019
India,4.342079163,8.65811348,0.61013329,58.90000153,0.777225256,-0.017724538,0.776434958,2015
India,4.179177284,8.715342522,0.613529384,59.29999924,0.820068777,0.033954486,0.764722109,2016
India,4.046111107,8.768212318,0.606767476,59.70000076,0.88585043,-0.053620495,0.780802786,2017
India,3.818068743,8.830280304,0.638051987,60.09999847,0.890443385,0.071806304,0.80526334,2018
India,3.573299885,8.849823952,0.592200935,60.21518707,0.881444871,0.057551607,0.772042692,2019
Indonesia,5.04279995,9.246450424,0.809478104,61.5,0.779418349,0.459267557,0.945967257,2015
Indonesia,5.136325359,9.284182549,0.791830599,61.70000076,0.82994163,0.487541914,0.889677405,2016
Indonesia,5.098401546,9.322663307,0.795589209,61.90000153,0.865026295,0.475460678,0.900416434,2017
Indonesia,5.340295792,9.362827301,0.809378862,62.09999847,0.879374385,0.499377817,0.867729425,2018
Indonesia,5.285600185,9.36975193,0.808379889,62.15584946,0.870614409,0.519586504,0.876296401,2019
Iran,4.749955654,9.711170197,0.572406888,65.09999847,0.780383229,0.145681813,0.698951244,2015
Iran,4.652730942,9.825400352,0.566281199,65.40000153,0.773303747,0.154438794,0.712782621,2016
Iran,4.716783047,9.856533051,0.714232922,65.69999695,0.730635166,0.186621651,0.714941323,2017
Iran,4.278117657,9.886064529,0.673764706,66,0.603319883,0.044715501,0.703439772,2018
Iran,4.672399998,9.813719749,0.694689691,66.00614929,0.647873282,0.117891103,0.714635968,2019
Iraq,4.493377209,9.620651245,0.684434831,58.40000153,0.599459946,-0.019348731,0.762167156,2015
Iraq,4.412537098,9.695360184,0.718956709,59,0.666160166,-0.088390231,0.798866451,2016
Iraq,4.462399006,9.659119606,0.695109367,59.59999847,0.627722025,-0.037714854,0.757108808,2017
Iraq,4.784800053,9.661095619,0.747694969,59.90354919,0.633182645,-0.06956476,0.82226181,2019
Ireland,6.830125332,11.01564217,0.95294255,72,0.892276943,0.227882653,0.408756912,2015
Ireland,7.04073143,11.05449009,0.958144009,72.09999847,0.874589145,0.168430954,0.398544312,2016
Ireland,7.060155392,11.11744022,0.943481982,72.19999695,0.905341148,0.210759684,0.33708474,2017
Ireland,6.962335587,11.16332817,0.937862396,72.30000305,0.861471593,0.139783427,0.362210244,2018
Ireland,7.093699932,11.16097832,0.942081571,72.30078888,0.886982977,0.145784974,0.357184172,2019
Israel,7.07941103,10.37425232,0.864130199,72.69999695,0.752783954,0.105966061,0.789429903,2015
Israel,7.159010887,10.39477539,0.889660776,72.90000153,0.772297323,0.15050979,0.804056585,2016
Israel,7.331036091,10.40826416,0.916440845,73.09999847,0.768076301,0.142772496,0.792652249,2017
Israel,6.92717886,10.4245739,0.90959543,73.30000305,0.724662304,0.052549962,0.770134807,2018
Israel,7.128600121,10.41752529,0.913571239,73.20025635,0.747580588,0.10259372,0.78085506,2019
Italy,5.847683907,10.44295979,0.908986509,73,0.574765742,-0.066691227,0.912753046,2015
Italy,5.95452404,10.45320511,0.927212834,73.19999695,0.623741627,-0.082749397,0.902801216,2016
Italy,6.198870182,10.4693718,0.919791222,73.40000153,0.632843256,-0.037178084,0.866667926,2017
Italy,6.516526699,10.48051643,0.912656128,73.59999847,0.650009274,-0.023462269,0.887824833,2018
Italy,6.38740015,10.48183632,0.889878571,73.60168457,0.66465199,-0.043460999,0.873404682,2019
Ivory Coast,4.445038795,8.083826065,0.703991652,47.70000076,0.7997455,-0.038274027,0.744249642,2015
Ivory Coast,4.542545795,8.138846397,0.617400765,48.29999924,0.768789351,-0.028539145,0.757453382,2016
Ivory Coast,5.037734985,8.188968658,0.661375344,48.90000153,0.732097924,-0.096848264,0.770940244,2017
Ivory Coast,5.26837492,8.236133575,0.620882571,49.5,0.712590039,-0.036959659,0.790966868,2018
Ivory Coast,5.233300209,8.225561142,0.658048689,49.50377274,0.727909327,-0.043991156,0.790771961,2019
Jamaica,5.889759064,9.011104584,0.91302985,67.09999847,0.860676348,-0.128097996,0.882796168,2017
Jamaica,5.889800072,9.006250381,0.915701866,67.09999847,0.858068526,-0.125106767,0.888890028,2019
Japan,5.879684448,10.54225731,0.922657192,74.69999695,0.831694186,-0.166381299,0.654443085,2015
Japan,5.954650879,10.55274868,0.899773836,74.80000305,0.836064637,-0.073620148,0.697639346,2016
Japan,5.910676479,10.57137394,0.881961286,74.90000153,0.849396586,-0.217277035,0.659198642,2017
Japan,5.793575287,10.58161831,0.886431932,75,0.77347213,-0.272972286,0.686784506,2018
Japan,5.870800018,10.57968903,0.883545935,75.00096893,0.809961379,-0.246910349,0.654558063,2019
Jordan,5.404593468,9.046768188,0.830443859,66.19999695,0.766517043,-0.044257402,,2015
Jordan,5.27128458,9.034749031,0.819944739,66.40000153,0.771350622,-0.036488943,,2016
Jordan,4.808082581,9.028517723,0.814664543,66.59999847,0.766262472,-0.150125921,,2017
Jordan,4.638933659,9.024435043,0.799544334,66.80000305,0.762420297,-0.183489695,,2018
Jordan,4.633399963,9.025999069,0.80216372,66.79975128,0.75104779,-0.162565202,0.700344324,2019
Kazakhstan,5.949995041,10.06577873,0.931349277,62.79999924,0.740132809,-0.047781285,0.713844299,2015
Kazakhstan,5.533551693,10.06249809,0.927810669,63.40000153,0.782805562,-0.046834081,0.702016652,2016
Kazakhstan,5.882351398,10.08812237,0.914093196,64,0.745243967,-0.045617759,0.755250692,2017
Kazakhstan,6.00763607,10.111166,0.936656713,64.59999847,0.84018296,-0.108595312,0.82378298,2018
Kazakhstan,6.057899952,10.11465836,0.934744895,64.60996246,0.811601937,-0.068488635,0.764490843,2019
Kenya,4.357617855,7.950148582,0.77692306,58.29999924,0.792990327,0.235459939,0.852549851,2015
Kenya,4.396127701,7.981573582,0.70592159,58.90000153,0.748508275,0.313143224,0.828411579,2016
Kenya,4.475654125,8.004040718,0.714604318,59.5,0.853394389,0.249233559,0.85400039,2017
Kenya,4.655702591,8.03267765,0.706719875,60.09999847,0.821412981,0.306653082,0.844244063,2018
Kenya,4.583000183,8.02977562,0.702652037,60.09693146,0.829747558,0.294681519,0.831499159,2019
Kosovo,5.077460766,9.122049332,0.805270791,64.33822632,0.561048269,0.174990952,0.850647092,2015
Kosovo,5.759412289,9.153971672,0.82380271,64.60875702,0.827398598,0.119905442,0.940897942,2016
Kosovo,6.149199963,9.189712524,0.792087257,64.87929535,0.857676744,0.11196661,0.92519182,2017
Kosovo,6.391825676,,0.82240653,65.14982605,0.88973701,,0.922078192,2018
Kosovo,6.325200081,9.204429626,0.820726514,63.88555527,0.861535907,0.190933764,0.922328293,2019
Kuwait,6.146031857,11.13424301,0.823017776,66.09999847,0.821662426,0.049360745,,2015
Kuwait,5.947194576,11.13985634,0.845222056,66.30000305,0.840967178,-0.107972071,,2016
Kuwait,6.093905449,11.09027195,0.853491306,66.5,0.884181619,-0.039013941,,2017
Kuwait,6.102099895,11.08982468,0.846475244,66.76764679,0.872366488,-0.100184701,0.760849059,2019
Kyrgyzstan,4.905375957,8.082588196,0.856584549,63.20000076,0.813175857,0.221000105,0.857725024,2015
Kyrgyzstan,4.856534004,8.104660988,0.914375484,63.5,0.813939214,0.077373318,0.916922808,2016
Kyrgyzstan,5.629536629,8.129609108,0.882586658,63.79999924,0.859389782,0.164255798,0.874494493,2017
Kyrgyzstan,5.297383308,8.151305199,0.898147821,64.09999847,0.94494766,0.287731975,0.907405317,2018
Kyrgyzstan,5.541500092,8.148405075,0.887228489,64.10601044,0.909374893,0.154772058,0.888396084,2019
Laos,4.623140812,8.763640404,0.70733577,58.29999924,0.891000748,0.073066324,0.591616809,2017
Laos,4.85940218,8.813603401,0.70473814,58.70000076,0.906660974,0.140599459,0.634239852,2018
Laos,4.888599873,8.79858017,0.737502217,58.70992279,0.907213569,0.11137148,0.634679317,2019
Latvia,5.880597591,10.04406738,0.879372418,65.90000153,0.65639317,-0.080376849,0.808400393,2015
Latvia,5.940446377,10.07505417,0.917073965,66.19999695,0.685299277,-0.159757495,0.867639601,2016
Latvia,5.977817535,10.12918186,0.895098746,66.5,0.699520111,-0.158590496,0.79837811,2017
Latvia,5.901154041,10.18411732,0.913276315,66.80000305,0.608207643,-0.216999531,0.798949242,2018
Latvia,5.949999809,10.17531967,0.918288589,66.8074646,0.671237648,-0.186888844,0.795580089,2019
Lebanon,5.171971321,9.499474525,0.741707742,65.59999847,0.596749783,0.075556383,0.888953269,2015
Lebanon,5.27072382,9.493102074,0.827885926,66.09999847,0.657357454,0.03390317,0.853114486,2016
Lebanon,5.153989792,9.50058651,0.776583016,66.59999847,0.604554176,-0.072667308,0.910727262,2017
Lebanon,5.167186737,9.507958412,0.829380631,67.09999847,0.60703069,-0.066325933,0.906650305,2018
Lebanon,4.771500111,9.3617239,0.824338138,67.10658264,0.551357508,-0.06121527,0.90225625,2019
Lesotho,3.808204889,7.914381981,0.798059285,46.59999847,0.729489863,-0.10248249,0.742873371,2016
Lesotho,3.795300722,7.955478668,0.768551648,47.29999924,0.756505191,-0.153132945,0.796859443,2017
Lesotho,3.652800083,7.960488319,0.780495703,48.00362396,0.738125861,-0.145732045,0.857392073,2019
Liberia,2.701591253,6.665997982,0.637665987,53.70000076,0.671430886,-0.014139181,0.902672648,2015
Liberia,3.354676008,6.624804974,0.642614603,54.5,0.763476014,0.080516092,0.901267469,2016
Liberia,4.424490929,6.623783588,0.684866846,55.29999924,0.733389914,0.035448756,0.866806388,2017
Liberia,4.134852886,6.630169868,0.726750135,56.09999847,0.765769541,0.096002631,0.867924094,2018
Liberia,4.557899952,7.054380417,0.70928055,56.09631348,0.735268712,0.04227322,0.856375933,2019
Libya,5.615404606,9.605566025,0.867987692,62.29999924,0.774544954,-0.077029698,,2015
Libya,5.43358326,9.56790638,0.87606585,62.29999924,0.822384834,-0.122419432,,2016
Libya,5.646852493,9.791522026,0.822758794,62.29999924,0.778695881,-0.053038593,0.673065543,2017
Libya,5.493977547,,0.824165165,62.29999924,0.780558527,,0.645838797,2018
Libya,5.488800049,9.789815903,0.825942934,62.29999924,0.773157001,-0.085054487,0.668779135,2019
Lithuania,5.711378098,10.20528412,0.92852354,65.5,0.641470194,-0.257858634,0.92417407,2015
Lithuania,5.865552425,10.24116898,0.937873363,66.09999847,0.614239335,-0.270516902,0.949392676,2016
Lithuania,6.272940636,10.2929678,0.926316619,66.69999695,0.749307334,-0.177641675,0.789709866,2017
Lithuania,6.308878899,10.33951187,0.929350138,67.30000305,0.698945105,-0.240978554,0.851745069,2018
Lithuania,6.215499878,10.34362602,0.926107109,67.29407501,0.747381449,-0.219725296,0.809583843,2019
Luxembourg,6.701571465,11.45199203,0.933604598,72.59999847,0.932256401,0.046507813,0.37539047,2015
Luxembourg,6.967340946,11.46080017,0.941260576,72.59999847,0.882365346,0.014104202,0.356336325,2016
Luxembourg,7.061380863,11.45400238,0.905435503,72.59999847,0.90282172,0.039554782,0.330173582,2017
Luxembourg,7.242630959,11.45392799,0.902192414,72.59999847,0.883929849,-0.025496062,0.385146111,2018
Luxembourg,7.237500191,11.45068073,0.906912208,72.59999847,0.90563643,-0.004620588,0.367084295,2019
Macedonia,4.975589752,9.454055786,0.766368151,66.90000153,0.660318911,-0.046411414,0.824178994,2015
Macedonia,5.34574604,9.481959343,0.871212244,67.09999847,0.706179321,0.079841897,0.869719028,2016
Macedonia,5.233866692,9.481223106,0.79995513,67.30000305,0.752106607,-0.057991773,0.855697274,2017
Macedonia,5.239834785,9.503044128,0.84891516,67.5,0.744800925,-0.04029087,0.909934342,2018
Macedonia,5.159800053,9.510591507,0.820392311,67.50442505,0.738840938,-0.019877451,0.897490501,2019
Madagascar,3.592514038,7.227784634,0.646716535,57.90000153,0.544753611,-0.036842145,0.860953391,2015
Madagascar,3.663085938,7.241845608,0.746496975,58.29999924,0.569645405,-0.065171458,0.864171147,2016
Madagascar,4.078620434,7.255901337,0.626331985,58.70000076,0.570347905,-0.029692357,0.847260773,2017
Madagascar,4.070586681,7.279894829,0.665512979,59.09999847,0.551473081,0.00569242,0.889145672,2018
Madagascar,4.165599823,7.281685829,0.668195903,59.10542679,0.557574093,-0.011823639,0.817485631,2019
Malawi,3.86763835,6.992741108,0.494381636,55.5,0.801390707,0.050336555,0.834825397,2015
Malawi,3.476492643,6.988229752,0.524299622,56.20000076,0.809884131,0.058278691,0.823615015,2016
Malawi,3.416862965,6.998548031,0.555422723,56.90000153,0.847920775,0.017441062,0.734636605,2017
Malawi,3.334633589,7.005932331,0.527843475,57.59999847,0.798915148,0.065060876,0.765963793,2018
Malawi,3.538000107,7.062226295,0.544007301,57.59288788,0.803223193,0.021433279,0.731700778,2019
Malaysia,6.322121143,10.12669563,0.817616284,66.40000153,0.674594462,0.208450198,0.837892234,2015
Malaysia,5.338817596,10.23550415,0.789408565,67,0.874548256,0.112881355,0.894131124,2018
Malaysia,5.384300232,10.26251888,0.816509426,67.10215759,0.894626856,0.114726797,0.839302301,2019
Maldives,5.197599888,9.518632889,0.91316092,70.59999847,0.853962779,0.038085498,0.824211061,2019
Mali,4.582098484,7.559678555,0.830189168,50.20000076,0.633753538,-0.065125115,0.800046742,2015
Mali,4.016027927,7.586338997,0.836254537,50.70000076,0.696007371,-0.067516871,0.862326682,2016
Mali,4.741850376,7.608029842,0.741359413,51.20000076,0.753213346,-0.067120329,0.862655163,2017
Mali,4.415729523,7.627428055,0.691859066,51.70000076,0.737204552,-0.031888556,0.793091416,2018
Mali,4.729300022,7.629852295,0.731468976,51.72698212,0.71156615,-0.044366926,0.839328408,2019
Malta,6.61339426,10.43667412,0.918764889,72.19999695,0.91217804,0.342014074,0.663886309,2015
Malta,6.590842247,10.46477127,0.930369377,72.19999695,0.916023612,0.340700656,0.696494639,2016
Malta,6.675665855,10.50543213,0.937331796,72.19999695,0.923642933,0.247621223,0.690494537,2017
Malta,6.909710884,,0.931541502,72.19999695,0.927340686,,0.595199883,2018
Malta,6.772799969,10.53383827,0.93037951,72.19999695,0.924911439,0.214965805,0.658547282,2019
Mauritania,3.922664165,8.189137459,0.874945939,56.09999847,0.447086573,0.073411182,0.715358436,2015
Mauritania,4.472149372,8.180959702,0.784826875,56.40000153,0.466561466,-0.157454357,0.841835141,2016
Mauritania,4.678159714,8.188031197,0.77922523,56.70000076,0.527446806,-0.135666266,0.777314067,2017
Mauritania,4.313615322,8.196549416,0.801595509,57,0.466888547,-0.095451452,0.710529268,2018
Mauritania,4.374599934,8.233919144,0.790819228,57.01017761,0.551522553,-0.106008142,0.746223509,2019
Mauritius,5.610003471,9.881625175,0.836032152,65.80000305,0.819175661,0.130789235,0.890661359,2016
Mauritius,6.174117565,9.918018341,0.910142243,66.09999847,0.912307501,0.077978596,0.818179905,2017
Mauritius,5.88174057,9.956447601,0.90884155,66.40000153,0.866928101,-0.082134947,0.78524971,2018
Mauritius,6.101299763,9.956786156,0.910357833,66.40434265,0.889534533,-0.018318573,0.805343091,2019
Mexico,6.236287117,9.737350464,0.760614276,67.40000153,0.719465971,-0.154544055,0.707971931,2015
Mexico,6.824172974,9.753050804,0.893492579,67.69999695,0.751613081,-0.155870572,0.808579445,2016
Mexico,6.410299301,9.760567665,0.799839377,68,0.861405134,-0.204242066,0.800893068,2017
Mexico,6.549578667,9.769919395,0.858068883,68.30000305,0.816200495,-0.181818426,0.808638096,2018
Mexico,6.465000153,9.797797203,0.838665426,68.29902649,0.858709276,-0.175266623,0.806821585,2019
Moldova,6.017472267,8.465222359,0.8399055,62.90000153,0.595241427,-0.042187758,0.943118811,2015
Moldova,5.577784061,8.509845734,0.83732146,63.59999847,0.557369471,0.000704906,0.969482958,2016
Moldova,5.325530529,8.554483414,0.83076793,64.30000305,0.552825212,-0.003629582,0.926333785,2017
Moldova,5.682277203,8.592376709,0.89207989,65,0.823824346,-0.033677354,0.928719878,2018
Moldova,5.607500076,8.776714325,0.843313575,65.01301575,0.721609175,-0.037741039,0.913314283,2019
Mongolia,4.982719898,9.34241581,0.905524373,61.70000076,0.685510755,0.159782425,0.900218189,2015
Mongolia,5.056999683,9.337942123,0.947489381,61.90000153,0.759740949,0.076226927,0.900452137,2016
Mongolia,5.333850384,9.379310608,0.924250782,62.09999847,0.674627423,0.104439713,0.864952207,2017
Mongolia,5.464622974,9.41570282,0.941514134,62.29999924,0.695546806,0.040724155,0.848502219,2018
Mongolia,5.456200123,9.412186623,0.937142491,62.30448532,0.693351328,0.098093867,0.863511205,2019
Montenegro,5.124921322,9.634936333,0.73963052,67.90000153,0.583317339,-0.143249691,0.781232595,2015
Montenegro,5.304066181,9.663771629,0.865743697,68.09999847,0.568633676,-0.08676701,0.848966599,2016
Montenegro,5.614798546,9.705602646,0.881199837,68.30000305,0.625906289,-0.082077965,0.755680025,2017
Montenegro,5.650189877,9.732954979,0.855979621,68.5,0.626431286,-0.04869676,0.768922508,2018
Montenegro,5.54610014,9.751860619,0.855314612,68.50534821,0.649565637,-0.075600356,0.783121586,2019
Morocco,5.163156986,8.895209312,0.605917633,65,0.712933421,-0.238808766,0.841856956,2015
Morocco,5.38630724,8.893697739,0.655409336,65.30000305,0.816556096,-0.248685971,0.717356145,2016
Morocco,5.312482834,8.920658112,0.641193092,65.59999847,0.814258039,-0.227033943,0.840502441,2017
Morocco,4.896791935,8.937397957,0.553759754,65.90000153,0.773180425,-0.245612621,0.843172729,2018
Morocco,5.094799995,8.940313339,0.592628479,65.89624023,0.772072434,-0.240377247,0.815724611,2019
Mozambique,4.549767494,7.019495964,0.665858209,51.20000076,0.813229263,0.093729101,0.631573498,2015
Mozambique,4.279863358,7.035358906,0.678463697,53.20000076,0.822670519,-0.024964124,0.682108939,2017
Mozambique,4.653713703,7.039377689,0.738480449,54.20000076,0.896621585,0.053591631,0.691220403,2018
Mozambique,4.623600006,7.069345951,0.723874032,54.20582199,0.864451885,0.032375868,0.683019102,2019
Myanmar,4.223846436,8.528500557,0.752064288,58.09999847,0.80797106,0.667136014,0.633305192,2015
Myanmar,4.623119831,8.576414108,0.793461978,58.40000153,0.877491176,0.658932626,0.607286572,2016
Myanmar,4.154341698,8.629019737,0.795183837,58.70000076,0.886011839,0.629576743,0.618821502,2017
Myanmar,4.410633087,8.685232162,0.773825943,59,0.906110823,0.469964564,0.646725893,2018
Myanmar,4.308000088,8.680481911,0.78440702,58.96171188,0.895075202,0.560663998,0.645124316,2019
Namibia,4.441306114,9.163438797,0.82833904,56.20000076,0.810401857,-0.196625322,0.831302881,2017
Namibia,4.834087849,9.15621376,0.864214778,56.5,0.75390476,-0.175729156,0.845942497,2018
Namibia,4.571100235,9.203141212,0.846880972,56.50148773,0.767520964,-0.18530646,0.851449788,2019
Nepal,4.812436581,7.746851921,0.74761188,60.20000076,0.763447225,0.23788774,0.823508382,2015
Nepal,5.099539757,7.739643097,0.837043643,61.29999924,0.839488447,0.179104611,0.81711489,2016
Nepal,4.736692429,7.80090189,0.816383302,62.40000153,0.84514761,0.144506738,0.770177126,2017
Nepal,4.910086632,7.851007462,0.768335521,63.5,0.770093679,0.132780746,0.741752803,2018
Nepal,5.137199879,7.925357342,0.785512447,63.77917862,0.797565043,0.154168829,0.738099158,2019
Netherlands,7.324437141,10.74708652,0.879010439,72,0.903978765,0.255913168,0.41182211,2015
Netherlands,7.540877342,10.76362324,0.925944209,72.09999847,0.907310009,0.233066663,0.43330425,2016
Netherlands,7.458965302,10.78875256,0.936501324,72.19999695,0.920319736,0.244597197,0.363133639,2017
Netherlands,7.463097095,10.8092041,0.939443171,72.30000305,0.919985175,0.155536488,0.370557785,2018
Netherlands,7.448900223,10.81271172,0.93913883,72.30091858,0.908547819,0.20761244,0.364717126,2019
New Zealand,7.418120861,10.4719162,0.98734349,72.59999847,0.941784263,0.324836165,0.185888708,2015
New Zealand,7.225687981,10.48504829,0.93660289,72.80000305,0.926576018,0.261130214,0.278270781,2016
New Zealand,7.32718277,10.49365616,0.95492065,73,0.942279458,0.289705753,0.221887484,2017
New Zealand,7.370285988,10.50147724,0.953862727,73.19999695,0.94930017,0.116750032,0.206580222,2018
New Zealand,7.299600124,10.50094318,0.949118972,73.20262909,0.936217487,0.191598073,0.22113885,2019
Nicaragua,5.924112797,8.508540154,0.826908529,66.59999847,0.809259176,0.077999569,0.727998376,2015
Nicaragua,6.012739658,8.542974472,0.852702439,66.90000153,0.716534257,0.039933853,0.731464922,2016
Nicaragua,6.476356506,8.579500198,0.83804369,67.19999695,0.922162771,0.010300541,0.672963321,2017
Nicaragua,5.81895256,8.614512444,0.854276538,67.5,0.797056854,0.002830009,0.712824762,2018
Nicaragua,6.13710022,8.493160248,0.857497036,67.50717926,0.863902867,0.020959141,0.665950119,2019
Niger,3.671453714,6.81143856,0.713019609,52,0.728128314,-0.01952886,0.702549696,2015
Niger,4.234645844,6.821260452,0.682828248,52.5,0.701927304,-0.002667263,0.814493895,2016
Niger,4.615673542,6.830874443,0.582109571,53,0.68355757,-0.017152032,0.777660012,2017
Niger,5.164007187,6.844517708,0.612025678,53.5,0.790665627,0.023082649,0.637166798,2018
Niger,4.909599781,6.842166901,0.617435038,53.50009537,0.759772122,0.013860817,0.722530186,2019
Nigeria,4.932914734,8.64305687,0.811647654,48.5,0.680470288,-0.046028789,0.926109254,2015
Nigeria,5.219567776,8.60056591,0.804766953,48.90000153,0.797690511,0.032547228,0.904706836,2016
Nigeria,5.321928024,8.582691193,0.733468533,49.29999924,0.825905561,0.113835752,0.834891975,2017
Nigeria,5.252288342,8.577632904,0.740854204,49.70000076,0.789881051,-0.020767037,0.865602672,2018
Nigeria,4.724100113,8.57662487,0.73721689,49.86190796,0.759578407,0.033745807,0.861874342,2019
North Cyprus,5.842550278,,0.79138273,,0.785352826,,0.659180284,2015
North Cyprus,5.827127934,,0.807690263,,0.796233833,,0.670191407,2016
North Cyprus,5.608056068,,0.837391794,,0.797066092,,0.613837004,2018
North Cyprus,5.53550005,10.40570259,0.820356607,73.70222473,0.79529351,0.000227159,0.62611568,2019
Norway,7.603433609,11.06676769,0.946833968,72.90000153,0.947620511,0.238337234,0.298814356,2015
Norway,7.596331596,11.06912804,0.959742844,73,0.954352319,0.114254743,0.409666121,2016
Norway,7.578744888,11.07906151,0.950127661,73.09999847,0.953016818,0.218105063,0.249711379,2017
Norway,7.444262028,11.08562565,0.965961933,73.19999695,0.960429013,0.075728491,0.268201441,2018
Norway,7.487999916,11.08780384,0.952486575,73.20078278,0.955750287,0.13453263,0.263218194,2019
Pakistan,4.823194981,8.45440197,0.561720133,57.29999924,0.586546242,0.070660211,0.716641188,2015
Pakistan,5.548508167,8.488210678,0.626921296,57.70000076,0.634182811,0.079928152,0.79253006,2016
Pakistan,5.830870628,8.524110794,0.690263569,58.09999847,0.712657094,0.030064493,0.713928223,2017
Pakistan,5.471553802,8.561663628,0.685059488,58.5,0.77256912,0.053521562,0.798841655,2018
Pakistan,5.69329977,8.482727051,0.689062297,58.25313568,0.734833717,0.04489987,0.745705426,2019
Palestinian Territories,4.695239067,8.458488464,0.766101241,,0.556040943,-0.159387171,0.77430135,2015
Palestinian Territories,4.906618118,8.46180439,0.817770958,,0.607669413,-0.13444747,0.812464654,2016
Palestinian Territories,4.62813282,,0.824345112,,0.631611288,,0.830646336,2017
Palestinian Territories,4.5539217,,0.819479287,,0.654534519,,0.813779533,2018
Palestinian Territories,4.552800179,8.389223099,0.825295925,62.25,0.645791829,-0.162079096,0.824199975,2019
Panama,6.605550289,9.942067146,0.88261503,69.30000305,0.846669197,0.00271332,0.809942901,2015
Panama,6.117638111,9.974536896,0.882460237,69.40000153,0.884479761,-0.092973053,0.836976767,2016
Panama,6.567658901,10.01086235,0.911904812,69.5,0.899573505,-0.160123616,0.840777099,2017
Panama,6.281434059,10.0497303,0.904389799,69.59999847,0.861448109,-0.122782208,0.83693099,2018
Panama,6.304800034,10.03423405,0.902094483,69.60301208,0.880366504,-0.153927714,0.851588905,2019
Paraguay,5.559724331,9.06407547,0.914199054,65.09999847,0.806124747,0.004769464,0.862888277,2015
Paraguay,5.801380157,9.090585709,0.93986696,65.30000305,0.853534281,-0.05853869,0.756116271,2016
Paraguay,5.71329546,9.085571289,0.902042508,65.5,0.891171455,0.018430408,0.809900761,2017
Paraguay,5.692100048,9.389982224,0.898727894,65.63993835,0.885923445,0.007997713,0.834788501,2019
Peru,5.577263355,9.373311996,0.798418343,67.19999695,0.802269042,-0.098900013,0.883730412,2015
Peru,5.700628757,9.399485588,0.802856445,67.5,0.829843879,-0.14319998,0.86591959,2016
Peru,5.710936546,9.412195206,0.830123365,67.80000305,0.826552153,-0.163864419,0.895384133,2017
Peru,5.679661274,9.434348106,0.84530139,68.09999847,0.829641998,-0.188079551,0.906244636,2018
Peru,5.796800137,9.456313133,0.831075251,68.10023499,0.824766099,-0.16238822,0.893714964,2019
Philippines,5.547489166,8.835586548,0.853588581,61.59999847,0.911533594,-0.056149431,0.755191565,2015
Philippines,5.430832863,8.886437416,0.821298718,61.70000076,0.907595754,-0.076165579,0.791962206,2016
Philippines,5.594270229,8.935796738,0.851028562,61.79999924,0.925703108,-0.146240324,0.711165547,2017
Philippines,5.869172573,8.985702515,0.845803261,61.90000153,0.917808175,-0.113129161,0.726483345,2018
Philippines,6.006000042,8.993545532,0.846730053,61.92676163,0.915463448,-0.105463006,0.733634114,2019
Poland,6.007021904,10.13855839,0.893090427,68.09999847,0.793462157,-0.099409871,0.810096323,2015
Poland,6.162076473,10.16722965,0.91739881,68.5,0.870707512,-0.097280823,0.847753942,2016
Poland,6.201268196,10.21157646,0.881854117,68.90000153,0.830842614,-0.127978221,,2017
Poland,6.186299801,10.26512432,0.874257445,69.31113434,0.862055779,-0.205084071,0.686927021,2019
Portugal,5.080866337,10.18896103,0.866213858,71.80000305,0.800440311,-0.165296271,0.941050768,2015
Portugal,5.446637154,10.20817947,0.90463537,72,0.83806932,-0.22725527,0.922192395,2016
Portugal,5.711499214,10.23770332,0.899984837,72.19999695,0.905065656,-0.177407518,0.880970538,2017
Portugal,5.919822693,10.26201248,0.887113273,72.40000153,0.877404213,-0.262738109,0.87972784,2018
Portugal,5.910900116,10.26374245,0.886590719,72.40202332,0.888747811,-0.220714301,0.892629504,2019
Qatar,6.374529362,11.6931572,,68.30000305,,,,2015
Romania,5.777491093,9.930908203,0.786967337,66.30000305,0.795847714,-0.143028185,0.961650968,2015
Romania,5.96887064,9.983716965,0.809229195,66.59999847,0.8217206,-0.117233559,0.949044526,2016
Romania,6.089904785,10.05677509,0.811240137,66.90000153,0.838586688,-0.161854967,0.925658047,2017
Romania,6.150878906,10.11209297,0.81793046,67.19999695,0.84515959,-0.220031843,0.921170175,2018
Romania,6.123700142,10.107584,0.825161517,67.20723724,0.842823207,-0.19781521,0.934300244,2019
Russia,5.995538712,10.10710335,0.924363256,63.09999847,0.685454726,-0.181272551,0.913418293,2015
Russia,5.85494566,10.10301971,0.910927355,63.5,0.713606298,-0.191147804,0.925462723,2016
Russia,5.578742981,10.11722469,0.896151304,63.90000153,0.73087424,-0.154709876,0.861590207,2017
Russia,5.513500214,10.13239002,0.908726096,64.30000305,0.7292822,-0.156226307,0.865311563,2018
Russia,5.546000004,10.12887192,0.903150737,64.10045624,0.729892612,-0.151153743,0.864802599,2019
Rwanda,3.483108997,7.456479549,0.678143561,59.29999924,0.907892346,0.026226774,0.09460447,2015
Rwanda,3.332989931,7.490113258,0.665130913,59.90000153,0.910736382,0.02614033,0.158601388,2016
Rwanda,3.10837388,7.525214672,0.516550004,60.5,0.908114851,0.050674845,0.213757217,2017
Rwanda,3.5610466,7.567531109,0.616172731,61.09999847,0.924231648,0.057107586,0.163809955,2018
Rwanda,3.312299967,7.600104332,0.54083544,61.09884644,0.900589406,0.055483952,0.183541179,2019
Saudi Arabia,6.345491886,10.83414841,0.819749713,65.40000153,0.820207238,-0.062835291,,2015
Saudi Arabia,6.473921299,10.8282032,0.889932334,65.69999695,0.774267733,-0.150336474,,2016
Saudi Arabia,6.294282436,10.80050182,0.840086281,66,0.814142168,-0.14906089,,2017
Saudi Arabia,6.356393337,10.79797173,0.867848396,66.30000305,0.85492152,-0.209563509,,2018
Saudi Arabia,6.406499863,10.79781246,0.874067068,66.30514526,0.854191244,-0.168695062,0.682619512,2019
Senegal,4.61700058,7.737988472,0.70153451,58.40000153,0.719533265,-0.098635823,0.765490174,2015
Senegal,4.59453392,7.774625301,0.838994384,58.79999924,0.743729651,-0.073456421,0.794353724,2016
Senegal,4.683024883,7.812208176,0.743759334,59.20000076,0.686937034,-0.031085404,0.825241864,2017
Senegal,4.769377232,7.850693703,0.739354789,59.59999847,0.629223466,-0.061628066,0.80477947,2018
Senegal,4.980800152,8.118982315,0.723616004,59.59915161,0.690596163,-0.052335154,0.808785141,2019
Serbia,5.317685127,9.493848801,0.81625104,67,0.545892,-0.062290821,0.859358013,2015
Serbia,5.752754688,9.526675224,0.894894958,67.40000153,0.614370823,-0.06780187,0.889765203,2016
Serbia,5.122031212,9.550297737,0.883770406,67.80000305,0.684846342,-0.077337377,0.851457834,2017
Serbia,5.936493397,9.584803581,0.852945328,68.19999695,0.739891827,-0.09851145,0.863723576,2018
Serbia,5.77820015,9.680980682,0.881475747,68.21020508,0.726495862,-0.073676221,0.843509018,2019
Sierra Leone,4.908617973,7.181039333,0.610593736,46,0.624296129,0.058140013,0.824828029,2015
Sierra Leone,4.732953072,7.218076706,0.656723499,47.59999847,0.681202114,0.113659732,0.863264859,2016
Sierra Leone,4.089562416,7.237275124,0.652287126,49.20000076,0.710613549,0.086719848,0.848398328,2017
Sierra Leone,4.305683136,7.26616621,0.649638355,50.79999924,0.716484487,0.101580702,0.855733216,2018
Sierra Leone,3.926399946,7.26880312,0.636142015,50.86514282,0.715315044,0.088660747,0.861330688,2019
Singapore,6.619524956,11.31131172,0.86643666,75.90000153,0.886890888,0.139111534,0.098943882,2015
Singapore,6.033480644,11.3220253,0.925128222,76.19999695,0.903735638,0.132903278,0.047311153,2016
Singapore,6.378437996,11.35668564,0.897349894,76.5,0.926127851,0.125963226,0.161790684,2017
Singapore,6.374564171,,0.902840674,76.80000305,0.91607821,,0.096562929,2018
Singapore,6.377099991,11.39552116,0.910268962,76.80458069,0.926645339,0.029879224,0.109784193,2019
Slovakia,6.162004471,10.25093079,0.94345367,68,0.587157667,-0.138671368,0.92754513,2015
Slovakia,5.993163109,10.28234768,0.945179105,68.30000305,0.700098515,-0.072382629,0.916609168,2016
Slovakia,6.365509033,10.31411076,0.913386643,68.59999847,0.714224696,-0.066592969,0.920422673,2017
Slovakia,6.23511076,10.35223579,0.922378719,68.90000153,0.757634044,-0.179692462,0.909944654,2018
Slovakia,6.280600071,10.34774971,0.922493756,68.90634155,0.749952674,-0.124409303,0.918096125,2019
Slovenia,5.740642071,10.27635193,0.901163757,70.19999695,0.896007299,0.005252473,0.892197907,2015
Slovenia,5.936821461,10.30661774,0.934487343,70.5,0.903551102,-0.057398662,0.838474393,2016
Slovenia,6.166837692,10.35458946,0.928187847,70.80000305,0.920862675,-0.027939947,0.828794718,2017
Slovenia,6.249419212,10.39720345,0.940971196,71.09999847,0.942045867,-0.12239641,0.839252532,2018
Slovenia,6.363399982,10.39232254,0.939575672,71.1029892,0.936142623,-0.080603383,0.817071021,2019
Somalia,5.353644848,,0.599281073,50.09999847,0.967869282,,0.410235763,2015
Somalia,4.667941093,,0.594416559,50,0.917322814,,0.44080174,2016
South Africa,4.887325764,9.423648834,0.898096263,55.29999924,0.862449408,-0.135523975,0.85269475,2015
South Africa,4.769739628,9.416272163,0.875389755,55.70000076,0.774136424,-0.078887247,0.812858999,2016
South Africa,4.513655186,9.416937828,0.870313287,56.09999847,0.787427902,-0.137357384,0.864781916,2017
South Africa,4.8839221,9.411724091,0.841343999,56.5,0.752731323,-0.059033662,0.841192603,2018
South Africa,4.814099789,9.403370857,0.852532268,56.50601196,0.759330094,-0.109777324,0.843423843,2019
South Korea,5.780211449,10.43932724,0.768350601,72.69999695,0.61584878,-0.040622089,0.840721607,2015
South Korea,5.970564365,10.46368599,0.811163485,73,0.590956032,0.021303769,0.861816347,2016
South Korea,5.873887062,10.48956108,0.806929946,73.30000305,0.538113713,0.009390867,0.850690424,2017
South Korea,5.840231419,10.51157761,0.79772383,73.59999847,0.600161672,-0.093965843,0.796825886,2018
South Korea,5.872399807,10.51056671,0.799387157,73.6027298,0.612965107,-0.043404032,0.789067447,2019
South Sudan,4.070771217,7.536566734,0.584781349,50.20000076,0.511631012,0.113514863,0.709605932,2015
South Sudan,2.888112307,7.35875988,0.532151818,50.59999847,0.439919025,0.021647073,0.785317779,2016
South Sudan,2.816622496,,0.556822658,51,0.456011087,,0.761269629,2017
South Sudan,2.816600084,7.425359726,0.553707123,51,0.451313615,0.016518548,0.763417304,2019
Spain,6.380663395,10.38254833,0.95647186,73.5,0.73200047,-0.075814046,0.821664929,2015
Spain,6.318612099,10.41392422,0.941736817,73.80000305,0.768173754,-0.051830858,0.818558574,2016
Spain,6.230173111,10.4420948,0.903158188,74.09999847,0.755560756,-0.036033396,0.791268766,2017
Spain,6.513370991,10.46559429,0.910314679,74.40000153,0.7222507,-0.079350598,0.776504457,2018
Spain,6.400899887,10.46292686,0.921125412,74.40270996,0.751989543,-0.050961714,0.765859902,2019
Sri Lanka,4.611606598,9.312870979,0.862500072,66.59999847,0.902074754,0.313437104,0.859470963,2015
Sri Lanka,4.330945492,9.364697456,0.822770596,67,0.827077389,0.088255383,0.844210029,2017
Sri Lanka,4.400223255,9.400387764,0.828065395,67.19999695,0.852628171,0.086762413,0.85801667,2018
Sri Lanka,4.327000141,9.389969826,0.825374067,67.20006561,0.837633669,0.081129618,0.859001756,2019
Swaziland,4.211565018,8.946770668,0.779269755,,0.709973693,-0.17993772,0.692341149,2018
Swaziland,4.308100224,9.16267395,0.770290196,51.18823624,0.646822274,-0.19920142,0.708263338,2019
Sweden,7.28892231,10.72939968,0.929459989,72.30000305,0.935072064,0.204892784,0.231964141,2015
Sweden,7.368744373,10.74867249,0.912060678,72.40000153,0.918036401,0.138581902,0.246182442,2016
Sweden,7.286804676,10.75682354,0.914016783,72.5,0.934582114,0.163362831,0.239366919,2017
Sweden,7.374792099,10.76693249,0.93067956,72.59999847,0.941724658,0.069573253,0.262796581,2018
Sweden,7.353499889,10.75879383,0.926311195,72.60076904,0.939144194,0.111614622,0.250880182,2019
Switzerland,7.572136879,10.95543003,0.93833375,73.19999695,0.927802444,0.103407413,0.209533513,2015
Switzerland,7.458519936,10.95817471,0.927628279,73.5,0.933947086,0.083161391,0.301562965,2016
Switzerland,7.473593235,10.95797634,0.949661374,73.80000305,0.924996912,0.17511341,0.316183478,2017
Switzerland,7.508586884,10.97594547,0.930290997,74.09999847,0.926414549,0.096368961,0.301259965,2018
Switzerland,7.559899807,10.97993279,0.942846596,74.10244751,0.921336651,0.105911039,0.303728431,2019
Syria,3.46191287,,0.463912874,55.20000076,0.448270857,,0.685236931,2015
Taiwan Province of China,6.450088024,,0.885388851,,0.700810492,,0.857194841,2015
Taiwan Province of China,6.512850761,,0.894989252,,0.718925178,,0.810521007,2016
Taiwan Province of China,6.359450817,,0.891119123,,0.75965476,,0.742780089,2017
Taiwan Province of China,6.467004776,,0.896458745,,0.741032779,,0.735970736,2018
Taiwan Province of China,6.45539999,10.77568531,0.894309103,69.59999847,0.77153033,-0.073198698,0.73188293,2019
Tajikistan,5.124210835,7.878757477,0.843932509,63.20000076,0.84654212,0.020470768,0.741689622,2015
Tajikistan,5.103721142,7.923922062,0.856656969,63.5,0.703026891,0.007712937,0.631887853,2016
Tajikistan,5.829234123,7.971400738,0.662693322,63.79999924,0.832002461,0.122264013,0.71833688,2017
Tajikistan,5.555699825,8.024810791,0.835297108,64.10459137,0.831383407,-0.025088511,0.592076063,2019
Tanzania,3.660597324,7.820422173,0.79026258,56,0.758684695,0.138522491,0.906422615,2015
Tanzania,2.90273428,7.856935024,0.63775593,56.5,0.77548492,0.168489903,0.739247262,2016
Tanzania,3.347121239,7.894804001,0.705010295,57,0.800495505,0.104961358,0.653606057,2017
Tanzania,3.445023298,7.928911209,0.6753304,57.5,0.807142138,0.14175652,0.611534059,2018
Tanzania,3.476200104,7.967665195,0.688933194,57.49607468,0.82153976,0.109668687,0.619799435,2019
Thailand,6.201762676,9.632480621,0.866324544,66.59999847,0.884916544,0.308959126,0.913651109,2015
Thailand,6.07363987,9.661786079,0.907543659,66.80000305,0.924145699,0.348688185,0.877978384,2016
Thailand,5.938895226,9.69754982,0.877268732,67,0.922896802,0.20539546,0.883816779,2017
Thailand,6.011561871,9.734828949,0.873052418,67.19999695,0.90482825,0.251650214,0.906596005,2018
Thailand,5.998799801,9.741791725,0.889973223,67.25059509,0.905063033,0.268685192,0.886272311,2019
Togo,3.768301964,7.208640099,0.478593409,53.5,0.771577239,-0.068024069,0.733261764,2015
Togo,3.878578424,7.235976696,0.509440958,53.90000153,0.730286777,-0.006249894,0.815044165,2016
Togo,4.360805035,7.26529932,0.507805228,54.29999924,0.716694415,-0.042401545,0.725519598,2017
Togo,4.022894859,7.287405491,0.596353889,54.70000076,0.611966252,-0.007062926,0.808537722,2018
Togo,4.187200069,7.357711315,0.551312625,54.71989822,0.649828613,0.002667875,0.757733464,2019
Trinidad and Tobago,6.191859722,10.26684761,0.916029036,63.5,0.859140456,-0.004832509,0.911336362,2017
Trinidad and Tobago,6.191899776,10.26000214,0.91529417,63.5,0.857907116,0.000526841,0.912230611,2019
Tunisia,5.131611824,9.284137726,0.60947001,66,0.711373389,-0.238344118,0.814824998,2015
Tunisia,4.521453381,9.283731461,0.701822102,66.30000305,0.614438355,-0.177196831,0.810745656,2016
Tunisia,4.124342918,9.291855812,0.717381597,66.59999847,0.477956653,-0.23090978,0.868826747,2017
Tunisia,4.741132259,9.304473877,0.732953548,66.90000153,0.649680078,-0.203248903,0.84011662,2018
Tunisia,4.392199993,9.314972878,0.688718557,66.89785767,0.593361557,-0.216413811,0.867590249,2019
Turkey,5.514465332,10.05999851,0.851224601,65.59999847,0.653196752,-0.021746771,0.806076229,2015
Turkey,5.326221943,10.07561111,0.879994631,66,0.64414674,-0.070580535,0.763706565,2016
Turkey,5.607262135,10.13179111,0.876467824,66.40000153,0.644434214,-0.242938563,0.670910537,2017
Turkey,5.185689449,10.1489172,0.847027302,66.80000305,0.528629065,-0.181653723,0.804878533,2018
Turkey,5.131800175,10.12941933,0.826313555,66.90281677,0.608830452,-0.171046436,0.748197377,2019
Turkmenistan,5.791460037,9.615293503,0.960158467,61,0.701358378,0.070877671,,2015
Turkmenistan,5.887051582,9.658122063,0.929032266,61.40000153,0.7485044,-0.017403306,,2016
Turkmenistan,5.229148865,9.704366684,0.908454895,61.79999924,0.720399201,0.04387318,,2017
Turkmenistan,4.620601654,9.749464035,0.984488964,62.20000076,0.857774079,0.237279803,,2018
Turkmenistan,5.119100094,9.74803257,0.958966196,62.21170807,0.826457024,0.187671542,0.883691847,2019
Uganda,4.237686634,7.418150902,0.746633112,54.5,0.757835329,0.145046577,0.872740388,2015
Uganda,4.233261108,7.430756092,0.753540218,54.90000153,0.739409745,0.141536832,0.811069787,2016
Uganda,4.000516891,7.437033653,0.739956141,55.29999924,0.772344112,0.069051787,0.81577003,2017
Uganda,4.321714878,7.45870924,0.739841044,55.70000076,0.728512764,0.088241369,0.856106222,2018
Uganda,4.43200016,7.500389576,0.764994621,55.70820236,0.731713951,0.099487431,0.836737812,2019
Ukraine,3.964542866,8.917972565,0.909439743,63.70000076,0.43059203,-0.01374052,0.952472746,2015
Ukraine,4.028690338,8.944818497,0.884961367,64,0.5025419,0.030040242,0.891075134,2016
Ukraine,4.311067104,8.973908424,0.858324885,64.30000305,0.598875523,0.017136369,0.936764002,2017
Ukraine,4.661909103,9.012026787,0.900936723,64.59999847,0.663055062,-0.055041961,0.942960739,2018
Ukraine,4.56069994,9.010690689,0.878879368,64.60678101,0.663081884,-0.030933706,0.920636714,2019
United Arab Emirates,6.568397522,11.10599995,0.824136674,66.5,0.915036201,0.183357775,,2015
United Arab Emirates,6.83095026,11.12292957,0.849379838,66.69999695,0.949119508,0.113445699,,2016
United Arab Emirates,7.039419651,11.11681843,0.83552736,66.90000153,0.962016642,0.199402541,,2017
United Arab Emirates,6.603743553,11.12767792,0.851041317,67.09999847,0.943664372,0.036494225,,2018
United Arab Emirates,6.790800095,11.1099987,0.849181116,67.08278656,0.941345513,0.123450845,0.594502211,2019
United Kingdom,6.515445232,10.56718445,0.935985744,71.69999695,0.832926095,0.295849711,0.456133723,2015
United Kingdom,6.8242836,10.57921696,0.954068184,71.90000153,0.821192145,0.245971709,0.458313286,2016
United Kingdom,7.103273392,10.59044647,0.937495291,72.09999847,0.812733293,0.286916465,0.418611348,2017
United Kingdom,7.233445168,10.59694767,0.928483903,72.30000305,0.83750838,0.22199814,0.404276013,2018
United Kingdom,7.164500237,10.60013485,0.93668282,72.30160522,0.834743679,0.263732493,0.435915917,2019
United States,6.863946915,10.8781538,0.903571069,68.59999847,0.848753452,0.210956484,0.697542608,2015
United States,6.803599834,10.88555431,0.896751285,68.5,0.757893085,0.135592237,0.738919556,2016
United States,6.9917593,10.90090561,0.921002865,68.40000153,0.868496716,0.188832819,0.681191266,2017
United States,6.882684708,10.92246532,0.903856039,68.30000305,0.824606657,0.107713386,0.709928274,2018
United States,6.939599991,10.92576885,0.914219022,68.29949951,0.842619538,0.149891734,0.699715316,2019
Uruguay,6.628080368,9.8950243,0.891493499,68.69999695,0.916879654,-0.042141985,0.673475683,2015
Uruguay,6.171485424,9.908158302,0.900380909,68.80000305,0.886371911,-0.081854537,0.676212788,2016
Uruguay,6.336009979,9.930685043,0.91380167,68.90000153,0.897851646,-0.101414755,0.626581967,2017
Uruguay,6.371714592,9.959661484,0.917315602,69,0.876210928,-0.108451419,0.682916045,2018
Uruguay,6.440100193,9.948192596,0.92281127,69.00254822,0.892395437,-0.101103112,0.635994136,2019
Uzbekistan,5.972364426,8.648262978,0.968225241,64.19999695,0.979937136,0.370652735,0.470916927,2015
Uzbekistan,5.892539024,8.705982208,0.945102155,64.5,0.983803034,0.202860773,,2016
Uzbekistan,6.421447754,8.740833282,0.942131102,64.80000305,0.985177755,0.116510667,0.464641601,2017
Uzbekistan,6.205460072,8.773365021,0.920821011,65.09999847,0.969897985,0.311694622,0.520360112,2018
Uzbekistan,6.257599831,8.740371704,0.926595807,65.10757446,0.974998116,0.248427153,0.501497388,2019
Venezuela,5.568800449,9.655211449,0.911086857,65.90000153,0.512159348,-0.175435483,0.813096821,2015
Venezuela,4.041114807,9.534058571,0.901949286,66.09999847,0.457601577,-0.203747958,0.890124679,2016
Venezuela,5.070750713,9.439295769,0.895879328,66.30000305,0.635505021,-0.20603478,0.843969226,2017
Venezuela,5.005663395,9.270280838,0.886882067,66.5,0.610855222,-0.176155597,0.827560008,2018
Venezuela,5.053199768,8.977793694,0.890408158,66.50534058,0.62327832,-0.169090509,0.837038398,2019
Vietnam,5.076315403,8.62242794,0.848676682,67.30000305,,0.08742252,,2015
Vietnam,5.062267303,8.67208004,0.876323581,67.5,0.894351125,-0.088031329,0.799240172,2016
Vietnam,5.175278664,8.727759361,,67.69999695,,,,2017
Vietnam,5.295547009,8.783415794,0.83194524,67.90000153,0.909259796,-0.039123703,0.808422983,2018
Vietnam,5.353499889,8.809545517,0.849987149,67.9527359,0.939592957,-0.094533332,0.79642123,2019
Yemen,2.982673883,7.744412422,0.668683469,54.29999924,0.609980762,-0.13721621,0.829097569,2015
Yemen,3.825630903,7.299221039,0.775407016,55.09999847,0.532964051,-0.1256679,,2016
Yemen,3.253560066,,0.789555013,55.90000153,0.595190763,,,2017
Yemen,3.057513952,,0.789421916,56.70000076,0.55272609,,0.792586863,2018
Yemen,3.527400017,7.759682655,0.817980587,56.72728348,0.599920273,-0.157735437,0.800287724,2019
Zambia,4.843164444,8.196216583,0.691483498,53.79999924,0.758653641,-0.04982822,0.871019542,2015
Zambia,4.347543716,8.203071594,0.76704663,54.29999924,0.811574519,0.111332305,0.770643592,2016
Zambia,3.932777405,8.213178635,0.74375391,54.79999924,0.823168576,0.128904432,0.739540637,2017
Zambia,4.041488171,8.223958015,0.717720389,55.29999924,0.79062593,0.03664434,0.810731292,2018
Zambia,3.759399891,8.224720001,0.698824465,55.29937744,0.806500256,0.078037128,0.801289678,2019
Zimbabwe,3.70319128,7.556051731,0.735800326,53.79999924,0.667193294,-0.097354479,0.810457349,2015
Zimbabwe,3.7354002,7.538829327,0.768425405,54.40000153,0.732971489,-0.068104587,0.72361201,2016
Zimbabwe,3.63830018,7.549490929,0.754147053,55,0.752826095,-0.069669798,0.751208007,2017
Zimbabwe,3.616479874,7.553394794,0.775388479,55.59999847,0.762674868,-0.038383581,0.844208658,2018
Zimbabwe,3.299200058,7.865711689,0.763092756,55.61725998,0.711457908,-0.072063953,0.81023699,2019
